,user1_diff,user1_change,user2_diff,user2_change,user3_diff,user3_change,user4_diff,user4_change,user5_diff,user5_change,user6_diff,user6_change,user7_diff,user7_change,user8_diff,user8_change
0,0.0,0,0.0,0,0.0,0,0.0,0,0.0,0,0.0,0,0.0,0,0.0,0
1,0.0,0,0.0,0,1.0,0,1.0,0,0.0,0,0.0,0,0.0,0,0.0,0
2,0.0,0,0.0,0,0.0,0,5.0,0,1.0,0,0.0,0,0.0,0,0.0,0
3,1.0,0,0.0,0,0.0,0,0.0,0,0.0,0,1.0,0,1.0,0,0.0,0
4,0.0,0,0.0,0,0.0,0,0.0,0,1.0,0,0.0,0,0.0,0,0.0,0
5,0.0,0,1.0,0,0.0,0,1.0,0,0.0,0,0.0,0,0.0,0,1.0,0
6,0.0,0,0.0,0,1.0,0,2.0,0,0.0,0,0.0,0,0.0,0,1.0,0
7,0.0,0,2.0,0,0.0,0,4.0,0,1.0,0,0.0,0,1.0,0,0.0,0
8,1.0,0,0.0,0,1.0,0,0.0,0,1.0,0,1.0,0,1.0,0,0.0,0
9,0.0,0,0.0,0,0.0,0,1.0,0,0.0,0,0.0,0,0.0,0,1.0,0
10,0.0,0,1.0,0,0.0,0,0.0,0,0.0,0,0.0,0,0.0,0,0.0,0
11,0.0,0,0.0,0,4.0,0,0.0,0,2.0,0,0.0,0,0.0,0,0.0,0
12,0.0,0,0.0,0,0.0,0,0.0,0,0.0,0,0.0,0,0.0,0,0.0,0
13,1.0,0,0.0,0,0.0,0,0.0,0,0.0,0,1.0,0,1.0,0,1.0,0
14,0.0,0,0.0,0,1.0,0,0.0,0,1.0,0,0.0,0,0.0,0,0.0,0
15,1.0,0,0.0,0,0.0,0,1.0,0,1.0,0,1.0,0,0.0,0,0.0,0
16,0.0,0,0.0,0,0.0,0,0.0,0,0.0,0,0.0,0,0.0,0,1.0,0
17,0.0,0,1.0,0,0.0,0,0.0,0,1.0,0,0.0,0,0.0,0,0.0,0
18,0.0,0,0.0,0,1.0,0,1.0,0,0.0,0,0.0,0,1.0,0,0.0,0
19,0.0,0,0.0,0,0.0,0,0.0,0,0.0,0,0.0,0,0.0,0,0.0,0
20,1.0,0,0.0,0,0.0,0,0.0,0,0.0,0,1.0,0,0.0,0,0.0,0
21,0.0,0,0.0,0,2.0,0,1.0,0,0.0,0,0.0,0,0.0,0,1.0,0
22,0.0,0,0.0,0,1.0,0,0.0,0,1.0,0,0.0,0,1.0,0,0.0,0
23,1.0,0,0.0,0,0.0,0,0.0,0,0.0,0,1.0,0,0.0,0,0.0,0
24,0.0,0,0.0,0,1.0,0,0.0,0,0.0,0,0.0,0,0.0,0,1.0,0
25,0.0,0,1.0,0,0.0,0,1.0,0,0.0,0,0.0,0,0.0,0,0.0,0
26,0.0,0,0.0,0,0.0,0,0.0,0,0.0,0,0.0,0,0.0,0,1.0,0
27,0.0,0,0.0,0,0.0,0,1.0,0,1.0,0,0.0,0,0.0,0,0.0,0
28,0.0,0,0.0,0,1.0,0,0.0,0,1.0,0,0.0,0,0.0,0,0.0,0
29,0.0,0,0.0,0,0.0,0,0.0,0,1.0,0,0.0,0,1.0,0,1.0,0
30,0.0,0,2.0,0,0.0,0,0.0,0,0.0,0,0.0,0,0.0,0,0.0,0
31,0.0,0,1.0,0,0.0,0,0.0,0,0.0,0,0.0,0,0.0,0,1.0,0
32,0.0,0,0.0,0,0.0,0,0.0,0,1.0,0,0.0,0,0.0,0,1.0,0
33,0.0,0,0.0,0,1.0,0,1.0,0,0.0,0,0.0,0,0.0,0,0.0,0
34,0.0,0,1.0,0,0.0,0,0.0,0,0.0,0,0.0,0,0.0,0,0.0,0
35,0.0,0,0.0,0,0.0,0,0.0,0,0.0,0,0.0,0,0.0,0,1.0,0
36,0.0,0,0.0,0,1.0,0,0.0,0,1.0,0,0.0,0,0.0,0,0.0,0
37,0.0,0,0.0,0,0.0,0,0.0,0,0.0,0,0.0,0,1.0,0,0.0,0
38,1.0,0,0.0,0,0.0,0,0.0,0,2.0,0,1.0,0,1.0,0,1.0,0
39,0.0,0,0.0,0,0.0,0,0.0,0,0.0,0,0.0,0,0.0,0,0.0,0
40,0.0,0,0.0,0,1.0,0,1.0,0,1.0,0,0.0,0,0.0,0,1.0,0
41,0.0,0,1.0,0,0.0,0,0.0,0,0.0,0,0.0,0,1.0,0,0.0,0
42,0.0,0,0.0,0,1.0,0,0.0,0,0.0,0,0.0,0,1.0,0,0.0,0
43,0.0,0,0.0,0,1.0,0,0.0,0,0.0,0,0.0,0,0.0,0,1.0,0
44,1.0,0,0.0,0,0.0,0,0.0,0,1.0,0,1.0,0,0.0,0,0.0,0
45,1.0,0,0.0,0,0.0,0,0.0,0,0.0,0,1.0,0,0.0,0,0.0,0
46,0.0,0,0.0,0,1.0,0,0.0,0,0.0,0,0.0,0,0.0,0,1.0,0
47,0.0,0,0.0,0,0.0,0,0.0,0,0.0,0,0.0,0,0.0,0,0.0,0
48,1.0,0,0.0,0,1.0,0,0.0,0,1.0,0,1.0,0,1.0,0,1.0,0
49,0.0,0,0.0,0,1.0,0,1.0,0,0.0,0,0.0,0,0.0,0,0.0,0
50,1.0,0,0.0,0,0.0,0,0.0,0,0.0,0,1.0,0,0.0,0,0.0,0
51,0.0,0,0.0,0,0.0,0,0.0,0,0.0,0,0.0,0,1.0,0,1.0,0
52,0.0,0,0.0,0,0.0,0,0.0,0,0.0,0,0.0,0,1.0,0,0.0,0
53,0.0,0,0.0,0,1.0,0,0.0,0,0.0,0,0.0,0,0.0,0,1.0,0
54,0.0,0,0.0,0,0.0,0,0.0,0,1.0,0,0.0,0,0.0,0,0.0,0
55,1.0,0,0.0,0,0.0,0,1.0,0,0.0,0,1.0,0,1.0,0,0.0,0
56,0.0,0,0.0,0,0.0,0,0.0,0,0.0,0,0.0,0,0.0,0,0.0,0
57,1.0,0,0.0,0,0.0,0,0.0,0,1.0,0,1.0,0,1.0,0,1.0,0
58,0.0,0,1.0,0,1.0,0,0.0,0,0.0,0,0.0,0,0.0,0,0.0,0
59,0.0,0,0.0,0,0.0,0,0.0,0,0.0,0,0.0,0,0.0,0,0.0,0
60,0.0,0,0.0,0,0.0,0,0.0,0,0.0,0,0.0,0,2.0,0,1.0,0
61,0.0,0,0.0,0,0.0,0,1.0,0,1.0,0,0.0,0,0.0,0,0.0,0
62,0.0,0,0.0,0,0.0,0,0.0,0,0.0,0,0.0,0,1.0,0,1.0,0
63,0.0,0,1.0,0,0.0,0,0.0,0,0.0,0,0.0,0,1.0,0,0.0,0
64,1.0,0,0.0,0,1.0,0,0.0,0,0.0,0,1.0,0,0.0,0,1.0,0
65,0.0,0,0.0,0,0.0,0,0.0,0,0.0,0,0.0,0,1.0,0,1.0,0
66,0.0,0,0.0,0,0.0,0,1.0,0,1.0,0,0.0,0,0.0,0,0.0,0
67,0.0,0,0.0,0,1.0,0,0.0,0,0.0,0,0.0,0,0.0,0,1.0,0
68,0.0,0,0.0,0,0.0,0,0.0,0,0.0,0,0.0,0,0.0,0,0.0,0
69,0.0,0,0.0,0,1.0,0,0.0,0,0.0,0,0.0,0,0.0,0,1.0,0
70,1.0,0,1.0,0,0.0,0,0.0,0,0.0,0,1.0,0,1.0,0,0.0,0
71,0.0,0,0.0,0,0.0,0,1.0,0,0.0,0,0.0,0,0.0,0,0.0,0
72,0.0,0,0.0,0,0.0,0,0.0,0,0.0,0,0.0,0,0.0,0,1.0,0
73,1.0,0,0.0,0,0.0,0,0.0,0,1.0,0,1.0,0,0.0,0,0.0,0
74,1.0,0,0.0,0,0.0,0,0.0,0,0.0,0,1.0,0,0.0,0,1.0,0
75,0.0,0,1.0,0,1.0,0,0.0,0,0.0,0,0.0,0,0.0,0,0.0,0
76,0.0,0,1.0,0,0.0,0,0.0,0,0.0,0,0.0,0,1.0,0,1.0,0
77,0.0,0,0.0,0,0.0,0,0.0,0,1.0,0,0.0,0,0.0,0,0.0,0
78,0.0,0,0.0,0,0.0,0,1.0,0,0.0,0,0.0,0,0.0,0,0.0,0
79,1.0,0,1.0,0,1.0,0,0.0,0,1.0,0,1.0,0,0.0,0,1.0,0
80,0.0,0,0.0,0,0.0,0,0.0,0,0.0,0,0.0,0,0.0,0,0.0,0
81,0.0,0,1.0,0,0.0,0,0.0,0,0.0,0,0.0,0,1.0,0,0.0,0
82,0.0,0,0.0,0,0.0,0,0.0,0,0.0,0,0.0,0,0.0,0,1.0,0
83,1.0,0,0.0,0,1.0,0,0.0,0,0.0,0,1.0,0,1.0,0,0.0,0
84,0.0,0,0.0,0,0.0,0,0.0,0,1.0,0,0.0,0,1.0,0,1.0,0
85,0.0,0,0.0,0,1.0,0,0.0,0,0.0,0,0.0,0,0.0,0,0.0,0
86,0.0,0,0.0,0,0.0,0,1.0,0,1.0,0,0.0,0,0.0,0,0.0,0
87,1.0,0,1.0,0,0.0,0,0.0,0,0.0,0,1.0,0,0.0,0,1.0,0
88,0.0,0,0.0,0,0.0,0,0.0,0,0.0,0,0.0,0,0.0,0,0.0,0
89,0.0,0,0.0,0,0.0,0,0.0,0,1.0,0,0.0,0,0.0,0,0.0,0
90,0.0,0,0.0,0,0.0,0,0.0,0,0.0,0,0.0,0,0.0,0,0.0,0
91,1.0,0,1.0,0,0.0,0,0.0,0,0.0,0,1.0,0,0.0,0,0.0,0
92,0.0,0,1.0,0,0.0,0,0.0,0,0.0,0,0.0,0,1.0,0,1.0,0
93,0.0,0,1.0,0,1.0,0,0.0,0,0.0,0,0.0,0,0.0,0,0.0,0
94,0.0,0,0.0,0,0.0,0,0.0,0,0.0,0,0.0,0,1.0,0,0.0,0
95,0.0,0,1.0,0,0.0,0,0.0,0,1.0,0,0.0,0,0.0,0,0.0,0
96,0.0,0,0.0,0,1.0,0,0.0,0,0.0,0,0.0,0,0.0,0,0.0,0
97,0.0,0,0.0,0,0.0,0,0.0,0,0.0,0,0.0,0,0.0,0,1.0,0
98,0.0,0,0.0,0,0.0,0,0.0,0,0.0,0,0.0,0,0.0,0,0.0,0
99,0.0,0,1.0,0,1.0,0,1.0,0,0.0,0,0.0,0,0.0,0,0.0,0
100,1.0,0,0.0,0,0.0,0,0.0,0,0.0,0,1.0,0,1.0,0,1.0,0
101,0.0,0,0.0,0,0.0,0,0.0,0,0.0,0,0.0,0,0.0,0,0.0,0
102,0.0,0,0.0,0,0.0,0,0.0,0,1.0,0,0.0,0,0.0,0,1.0,0
103,1.0,0,0.0,0,1.0,0,0.0,0,0.0,0,1.0,0,0.0,0,1.0,0
104,0.0,0,0.0,0,0.0,0,0.0,0,0.0,0,0.0,0,0.0,0,0.0,0
105,0.0,0,1.0,0,0.0,0,0.0,0,1.0,0,0.0,0,0.0,0,0.0,0
106,1.0,0,0.0,0,0.0,0,0.0,0,0.0,0,1.0,0,1.0,0,0.0,0
107,0.0,0,0.0,0,0.0,0,1.0,0,0.0,0,0.0,0,0.0,0,0.0,0
108,0.0,0,1.0,0,1.0,0,0.0,0,0.0,0,0.0,0,0.0,0,0.0,0
109,0.0,0,0.0,0,0.0,0,0.0,0,0.0,0,0.0,0,0.0,0,1.0,0
110,0.0,0,0.0,0,0.0,0,0.0,0,1.0,0,0.0,0,0.0,0,0.0,0
111,1.0,0,0.0,0,0.0,0,1.0,0,0.0,0,1.0,0,0.0,0,0.0,0
112,0.0,0,0.0,0,0.0,0,0.0,0,0.0,0,0.0,0,1.0,0,0.0,0
113,0.0,0,1.0,0,1.0,0,0.0,0,1.0,0,0.0,0,0.0,0,0.0,0
114,0.0,0,0.0,0,0.0,0,0.0,0,0.0,0,0.0,0,0.0,0,1.0,0
115,1.0,0,0.0,0,0.0,0,0.0,0,0.0,0,1.0,0,0.0,0,0.0,0
116,0.0,0,0.0,0,0.0,0,0.0,0,1.0,0,0.0,0,1.0,0,1.0,0
117,0.0,0,1.0,0,1.0,0,1.0,0,1.0,0,0.0,0,0.0,0,0.0,0
118,0.0,0,0.0,0,0.0,0,0.0,0,0.0,0,0.0,0,0.0,0,0.0,0
119,1.0,0,0.0,0,0.0,0,0.0,0,0.0,0,1.0,0,0.0,0,1.0,0
120,1.0,0,1.0,0,0.0,0,0.0,0,1.0,0,1.0,0,1.0,0,0.0,0
121,0.0,0,0.0,0,1.0,0,0.0,0,1.0,0,0.0,0,0.0,0,0.0,0
122,0.0,0,0.0,0,0.0,0,0.0,0,0.0,0,0.0,0,0.0,0,0.0,0
123,0.0,0,0.0,0,0.0,0,0.0,0,1.0,0,0.0,0,0.0,0,0.0,0
124,0.0,0,1.0,0,0.0,0,0.0,0,0.0,0,0.0,0,0.0,0,0.0,0
125,0.0,0,0.0,0,1.0,0,0.0,0,0.0,0,0.0,0,1.0,0,0.0,0
126,1.0,0,0.0,0,0.0,0,0.0,0,0.0,0,1.0,0,0.0,0,0.0,0
127,0.0,0,0.0,0,0.0,0,1.0,0,0.0,0,0.0,0,0.0,0,1.0,0
128,0.0,0,1.0,0,1.0,0,0.0,0,1.0,0,0.0,0,1.0,0,0.0,0
129,0.0,0,0.0,0,0.0,0,0.0,0,0.0,0,0.0,0,0.0,0,1.0,0
130,1.0,0,0.0,0,1.0,0,0.0,0,0.0,0,1.0,0,0.0,0,1.0,0
131,0.0,0,0.0,0,0.0,0,0.0,0,0.0,0,0.0,0,1.0,0,0.0,0
132,1.0,0,1.0,0,1.0,0,0.0,0,0.0,0,1.0,0,0.0,0,0.0,0
133,0.0,0,0.0,0,0.0,0,0.0,0,0.0,0,0.0,0,0.0,0,0.0,0
134,0.0,0,0.0,0,1.0,0,0.0,0,1.0,0,0.0,0,0.0,0,1.0,0
135,0.0,0,1.0,0,0.0,0,1.0,0,0.0,0,0.0,0,0.0,0,0.0,0
136,1.0,0,0.0,0,1.0,0,0.0,0,1.0,0,1.0,0,0.0,0,1.0,0
137,0.0,0,0.0,0,1.0,0,0.0,0,0.0,0,0.0,0,0.0,0,0.0,0
138,0.0,0,0.0,0,0.0,0,0.0,0,0.0,0,0.0,0,0.0,0,1.0,0
139,0.0,0,0.0,0,0.0,0,0.0,0,1.0,0,0.0,0,0.0,0,0.0,0
140,1.0,0,1.0,0,1.0,0,0.0,0,0.0,0,1.0,0,1.0,0,0.0,0
141,0.0,0,0.0,0,0.0,0,0.0,0,0.0,0,0.0,0,0.0,0,1.0,0
142,0.0,0,1.0,0,0.0,0,0.0,0,0.0,0,0.0,0,0.0,0,0.0,0
143,0.0,0,0.0,0,0.0,0,0.0,0,1.0,0,0.0,0,0.0,0,0.0,0
144,0.0,0,1.0,0,0.0,0,1.0,0,0.0,0,0.0,0,0.0,0,1.0,0
145,0.0,0,0.0,0,0.0,0,0.0,0,0.0,0,0.0,0,0.0,0,0.0,0
146,0.0,0,0.0,0,0.0,0,0.0,0,0.0,0,0.0,0,0.0,0,0.0,0
147,1.0,0,0.0,0,0.0,0,0.0,0,1.0,0,1.0,0,0.0,0,1.0,0
148,0.0,0,1.0,0,1.0,0,0.0,0,0.0,0,0.0,0,0.0,0,0.0,0
149,0.0,0,0.0,0,0.0,0,1.0,0,0.0,0,0.0,0,1.0,0,0.0,0
150,0.0,0,1.0,0,0.0,0,0.0,0,1.0,0,0.0,0,0.0,0,4.0,0
151,0.0,0,0.0,0,1.0,0,0.0,0,2.0,0,0.0,0,0.0,0,1.0,0
152,1.0,0,1.0,0,0.0,0,0.0,0,0.0,0,1.0,0,0.0,0,0.0,0
153,0.0,0,0.0,0,0.0,0,0.0,0,0.0,0,0.0,0,0.0,0,0.0,0
154,0.0,0,0.0,0,0.0,0,0.0,0,0.0,0,0.0,0,0.0,0,0.0,0
155,0.0,0,0.0,0,1.0,0,0.0,0,2.0,0,0.0,0,0.0,0,37.0,1
156,0.0,0,0.0,0,0.0,0,0.0,0,0.0,0,0.0,0,1.0,0,4.0,1
157,1.0,0,1.0,0,1.0,0,0.0,0,1.0,0,1.0,0,0.0,0,6.0,1
158,1.0,0,0.0,0,0.0,0,0.0,0,1.0,0,1.0,0,0.0,0,0.0,1
159,0.0,0,1.0,0,0.0,0,1.0,0,0.0,0,0.0,0,0.0,0,6.0,1
160,1.0,0,0.0,0,0.0,0,0.0,0,1.0,0,1.0,0,0.0,0,1.0,1
161,0.0,0,0.0,0,1.0,0,0.0,0,0.0,0,0.0,0,0.0,0,0.0,1
162,0.0,0,0.0,0,0.0,0,0.0,0,0.0,0,0.0,0,0.0,0,0.0,1
163,0.0,0,0.0,0,0.0,0,0.0,0,44.0,1,0.0,0,0.0,0,1.0,1
164,0.0,0,0.0,0,1.0,0,0.0,0,0.0,1,0.0,0,0.0,0,1.0,1
165,0.0,0,0.0,0,38.0,1,1.0,0,1.0,1,0.0,0,0.0,0,4.0,1
166,1.0,0,0.0,0,0.0,1,0.0,0,0.0,1,1.0,0,0.0,0,8.0,1
167,0.0,0,0.0,0,0.0,1,0.0,0,0.0,1,0.0,0,1.0,0,5.0,1
168,0.0,0,1.0,0,0.0,1,0.0,0,1.0,1,0.0,0,0.0,0,2.0,1
169,0.0,0,0.0,0,1.0,1,1.0,0,1.0,1,0.0,0,0.0,0,2.0,1
170,1.0,0,0.0,0,0.0,1,0.0,0,0.0,1,1.0,0,0.0,0,2.0,1
171,0.0,0,0.0,0,0.0,1,0.0,0,2.0,1,0.0,0,0.0,0,0.0,1
172,0.0,0,1.0,0,0.0,1,0.0,0,0.0,1,0.0,0,1.0,0,0.0,1
173,0.0,0,0.0,0,0.0,1,0.0,0,0.0,1,0.0,0,0.0,0,2.0,1
174,0.0,0,0.0,0,0.0,1,1.0,0,0.0,1,0.0,0,0.0,0,2.0,1
175,0.0,0,0.0,0,0.0,1,0.0,0,0.0,1,0.0,0,0.0,0,1.0,1
176,0.0,0,1.0,0,0.0,1,0.0,0,1.0,1,0.0,0,0.0,0,12.0,1
177,1.0,0,0.0,0,1.0,1,0.0,0,0.0,1,1.0,0,0.0,0,0.0,1
178,0.0,0,1.0,0,0.0,1,0.0,0,1.0,1,0.0,0,1.0,0,1.0,1
179,0.0,0,1.0,0,0.0,1,0.0,0,0.0,1,0.0,0,0.0,0,1.0,1
180,0.0,0,1.0,0,0.0,1,1.0,0,1.0,1,0.0,0,0.0,0,1.0,1
181,0.0,0,0.0,0,1.0,1,1.0,0,0.0,1,0.0,0,0.0,0,1.0,1
182,1.0,0,0.0,0,0.0,1,0.0,0,0.0,1,1.0,0,0.0,0,0.0,1
183,0.0,0,0.0,0,0.0,1,0.0,0,0.0,1,0.0,0,0.0,0,1.0,1
184,0.0,0,0.0,0,0.0,1,0.0,0,1.0,1,0.0,0,0.0,0,1.0,1
185,0.0,0,0.0,0,0.0,1,0.0,0,1.0,1,0.0,0,0.0,0,0.0,1
186,0.0,0,1.0,0,0.0,1,0.0,0,0.0,1,0.0,0,0.0,0,0.0,1
187,1.0,0,0.0,0,0.0,1,1.0,0,0.0,1,1.0,0,0.0,0,0.0,1
188,0.0,0,1.0,0,1.0,1,0.0,0,3.0,1,0.0,0,0.0,0,1.0,1
189,0.0,0,0.0,0,0.0,1,0.0,0,2.0,1,0.0,0,1.0,0,0.0,1
190,0.0,0,0.0,0,0.0,1,0.0,0,0.0,1,0.0,0,0.0,0,0.0,1
191,0.0,0,1.0,0,0.0,1,0.0,0,1.0,1,0.0,0,0.0,0,1.0,1
192,0.0,0,1.0,0,1.0,1,1.0,0,4.0,1,0.0,0,0.0,0,0.0,1
193,1.0,0,0.0,0,0.0,1,0.0,0,1.0,1,1.0,0,0.0,0,1.0,1
194,0.0,0,1.0,0,0.0,1,0.0,0,1.0,1,0.0,0,0.0,0,0.0,1
195,0.0,0,0.0,0,0.0,1,0.0,0,0.0,1,0.0,0,0.0,0,1.0,1
196,0.0,0,0.0,0,1.0,1,0.0,0,1.0,1,0.0,0,0.0,0,0.0,1
197,1.0,0,0.0,0,0.0,1,0.0,0,0.0,1,1.0,0,1.0,0,0.0,1
198,0.0,0,1.0,0,0.0,1,1.0,0,0.0,1,0.0,0,0.0,0,0.0,1
199,0.0,0,0.0,0,0.0,1,0.0,0,0.0,1,0.0,0,0.0,0,1.0,1
200,1.0,0,0.0,0,1.0,1,0.0,0,1.0,1,1.0,0,0.0,0,1.0,1
201,0.0,0,1.0,0,0.0,1,1.0,0,0.0,1,0.0,0,1.0,0,0.0,1
202,0.0,0,0.0,0,0.0,1,0.0,0,0.0,1,0.0,0,0.0,0,0.0,1
203,0.0,0,0.0,0,0.0,1,0.0,0,1.0,1,0.0,0,0.0,0,1.0,1
204,0.0,0,0.0,0,0.0,1,1.0,0,0.0,1,0.0,0,0.0,0,0.0,1
205,0.0,0,1.0,0,0.0,1,0.0,0,0.0,1,0.0,0,0.0,0,0.0,1
206,0.0,0,0.0,0,0.0,1,0.0,0,2.0,1,0.0,0,0.0,0,0.0,1
207,0.0,0,0.0,0,1.0,1,0.0,0,1.0,1,0.0,0,1.0,0,0.0,1
208,0.0,0,1.0,0,0.0,1,0.0,0,0.0,1,0.0,0,0.0,0,1.0,1
209,1.0,0,0.0,0,0.0,1,0.0,0,0.0,1,1.0,0,0.0,0,0.0,1
210,0.0,0,32.0,1,0.0,1,0.0,0,0.0,1,0.0,0,0.0,0,0.0,1
211,0.0,0,1.0,1,0.0,1,0.0,0,2.0,1,0.0,0,0.0,0,1.0,1
212,1.0,0,0.0,1,1.0,1,0.0,0,0.0,1,1.0,0,0.0,0,0.0,1
213,0.0,0,0.0,1,0.0,1,0.0,0,0.0,1,0.0,0,1.0,0,1.0,1
214,0.0,0,2.0,1,0.0,1,0.0,0,1.0,1,0.0,0,0.0,0,0.0,1
215,0.0,0,0.0,1,0.0,1,1.0,0,0.0,1,0.0,0,0.0,0,1.0,1
216,1.0,0,0.0,1,0.0,1,0.0,0,0.0,1,1.0,0,1.0,0,0.0,1
217,0.0,0,0.0,1,1.0,1,0.0,0,0.0,1,0.0,0,0.0,0,1.0,1
218,0.0,0,0.0,1,0.0,1,0.0,0,0.0,1,0.0,0,0.0,0,0.0,1
219,0.0,0,0.0,1,0.0,1,1.0,0,2.0,1,0.0,0,0.0,0,1.0,1
220,2.0,0,0.0,1,0.0,1,0.0,0,0.0,1,2.0,0,0.0,0,0.0,1
221,0.0,0,0.0,1,0.0,1,0.0,0,0.0,1,0.0,0,0.0,0,0.0,1
222,0.0,0,1.0,1,0.0,1,0.0,0,1.0,1,0.0,0,1.0,0,0.0,1
223,0.0,0,0.0,1,1.0,1,1.0,0,0.0,1,0.0,0,0.0,0,1.0,1
224,1.0,0,0.0,1,0.0,1,1.0,0,0.0,1,1.0,0,0.0,0,0.0,1
225,1.0,0,0.0,1,0.0,1,0.0,0,1.0,1,1.0,0,0.0,0,0.0,1
226,0.0,0,0.0,1,0.0,1,0.0,0,0.0,1,0.0,0,0.0,0,0.0,1
227,0.0,0,0.0,1,0.0,1,0.0,0,0.0,1,0.0,0,0.0,0,0.0,1
228,0.0,0,0.0,1,0.0,1,0.0,0,1.0,1,0.0,0,2.0,0,0.0,1
229,0.0,0,1.0,1,1.0,1,1.0,0,1.0,1,0.0,0,0.0,0,0.0,1
230,1.0,0,0.0,1,0.0,1,0.0,0,0.0,1,1.0,0,1.0,0,0.0,1
231,0.0,0,0.0,1,0.0,1,1.0,0,0.0,1,0.0,0,0.0,0,0.0,1
232,0.0,0,0.0,1,1.0,1,0.0,0,1.0,1,0.0,0,1.0,0,0.0,1
233,0.0,0,0.0,1,0.0,1,1.0,0,0.0,1,0.0,0,0.0,0,0.0,1
234,0.0,0,1.0,1,0.0,1,0.0,0,0.0,1,0.0,0,1.0,0,0.0,1
235,0.0,0,1.0,1,0.0,1,0.0,0,0.0,1,0.0,0,0.0,0,0.0,1
236,0.0,0,0.0,1,0.0,1,1.0,0,0.0,1,0.0,0,0.0,0,0.0,1
237,0.0,0,0.0,1,1.0,1,0.0,0,0.0,1,0.0,0,2.0,0,0.0,1
238,1.0,0,1.0,1,0.0,1,33.0,1,0.0,1,1.0,0,0.0,0,0.0,1
239,0.0,0,0.0,1,0.0,1,0.0,1,1.0,1,0.0,0,1.0,0,0.0,1
240,0.0,0,0.0,1,0.0,1,0.0,1,0.0,1,0.0,0,0.0,0,0.0,1
241,0.0,0,1.0,1,0.0,1,1.0,1,0.0,1,0.0,0,0.0,0,0.0,1
242,1.0,0,0.0,1,0.0,1,0.0,1,1.0,1,1.0,0,0.0,0,0.0,1
243,0.0,0,0.0,1,1.0,1,1.0,1,0.0,1,0.0,0,1.0,0,0.0,1
244,0.0,0,0.0,1,0.0,1,0.0,1,0.0,1,0.0,0,0.0,0,0.0,1
245,0.0,0,0.0,1,1.0,1,0.0,1,1.0,1,0.0,0,30.0,1,0.0,1
246,1.0,0,1.0,1,0.0,1,1.0,1,0.0,1,1.0,0,0.0,1,0.0,1
247,0.0,0,0.0,1,0.0,1,0.0,1,0.0,1,0.0,0,1.0,1,0.0,1
248,0.0,0,1.0,1,0.0,1,0.0,1,1.0,1,0.0,0,1.0,1,0.0,1
249,0.0,0,0.0,1,0.0,1,0.0,1,0.0,1,0.0,0,1.0,1,0.0,1
250,0.0,0,1.0,1,0.0,1,0.0,1,0.0,1,0.0,0,0.0,1,0.0,1
251,0.0,0,0.0,1,1.0,1,0.0,1,0.0,1,0.0,0,1.0,1,0.0,1
252,0.0,0,1.0,1,0.0,1,0.0,1,12.0,1,0.0,0,0.0,1,0.0,1
253,1.0,0,0.0,1,0.0,1,1.0,1,1.0,1,1.0,0,0.0,1,0.0,1
254,0.0,0,0.0,1,0.0,1,0.0,1,1.0,1,0.0,0,1.0,1,0.0,1
255,0.0,0,0.0,1,1.0,1,0.0,1,0.0,1,0.0,0,1.0,1,0.0,1
256,0.0,0,1.0,1,0.0,1,1.0,1,0.0,1,0.0,0,1.0,1,0.0,1
257,0.0,0,0.0,1,0.0,1,0.0,1,1.0,1,0.0,0,0.0,1,0.0,1
258,0.0,0,0.0,1,1.0,1,0.0,1,0.0,1,0.0,0,1.0,1,0.0,1
259,0.0,0,1.0,1,0.0,1,0.0,1,1.0,1,0.0,0,0.0,1,0.0,1
260,0.0,0,0.0,1,0.0,1,1.0,1,1.0,1,0.0,0,1.0,1,0.0,1
261,0.0,0,0.0,1,0.0,1,0.0,1,0.0,1,0.0,0,0.0,1,0.0,1
262,1.0,0,0.0,1,0.0,1,0.0,1,0.0,1,1.0,0,0.0,1,0.0,1
263,0.0,0,0.0,1,1.0,1,1.0,1,1.0,1,0.0,0,0.0,1,0.0,1
264,0.0,0,0.0,1,0.0,1,0.0,1,0.0,1,0.0,0,1.0,1,0.0,1
265,0.0,0,1.0,1,0.0,1,0.0,1,0.0,1,0.0,0,1.0,1,0.0,1
266,0.0,0,0.0,1,0.0,1,0.0,1,1.0,1,0.0,0,0.0,1,0.0,1
267,0.0,0,1.0,1,1.0,1,1.0,1,4.0,1,0.0,0,0.0,1,0.0,1
268,1.0,0,0.0,1,1.0,1,0.0,1,0.0,1,1.0,0,2.0,1,0.0,1
269,0.0,0,0.0,1,0.0,1,0.0,1,0.0,1,0.0,0,0.0,1,0.0,1
270,0.0,0,1.0,1,0.0,1,0.0,1,0.0,1,0.0,0,0.0,1,0.0,1
271,0.0,0,0.0,1,1.0,1,1.0,1,0.0,1,0.0,0,0.0,1,0.0,1
272,0.0,0,0.0,1,0.0,1,0.0,1,0.0,1,0.0,0,0.0,1,0.0,1
273,0.0,0,0.0,1,0.0,1,0.0,1,3.0,1,0.0,0,1.0,1,0.0,1
274,0.0,0,1.0,1,0.0,1,0.0,1,0.0,1,0.0,0,0.0,1,0.0,1
275,29.0,1,0.0,1,1.0,1,1.0,1,0.0,1,29.0,1,0.0,1,0.0,1
276,1.0,1,0.0,1,0.0,1,0.0,1,0.0,1,1.0,1,0.0,1,0.0,1
277,0.0,1,0.0,1,0.0,1,0.0,1,0.0,1,0.0,1,1.0,1,0.0,1
278,0.0,1,0.0,1,0.0,1,0.0,1,0.0,1,0.0,1,0.0,1,0.0,1
279,0.0,1,1.0,1,1.0,1,0.0,1,0.0,1,0.0,1,1.0,1,0.0,1
280,0.0,1,0.0,1,0.0,1,0.0,1,0.0,1,0.0,1,0.0,1,0.0,1
281,1.0,1,0.0,1,0.0,1,0.0,1,1.0,1,1.0,1,0.0,1,0.0,1
282,0.0,1,1.0,1,1.0,1,0.0,1,0.0,1,0.0,1,0.0,1,0.0,1
283,0.0,1,0.0,1,0.0,1,0.0,1,0.0,1,0.0,1,0.0,1,0.0,1
284,0.0,1,0.0,1,0.0,1,1.0,1,0.0,1,0.0,1,0.0,1,0.0,1
285,0.0,1,1.0,1,0.0,1,1.0,1,0.0,1,0.0,1,0.0,1,0.0,1
286,0.0,1,0.0,1,0.0,1,0.0,1,0.0,1,0.0,1,1.0,1,0.0,1
287,0.0,1,1.0,1,1.0,1,0.0,1,0.0,1,0.0,1,0.0,1,0.0,1
288,0.0,1,0.0,1,0.0,1,0.0,1,0.0,1,0.0,1,0.0,1,0.0,1
289,0.0,1,0.0,1,0.0,1,0.0,1,1.0,1,0.0,1,1.0,1,0.0,1
290,0.0,1,0.0,1,0.0,1,1.0,1,0.0,1,0.0,1,0.0,1,0.0,1
291,1.0,1,0.0,1,0.0,1,0.0,1,1.0,1,1.0,1,0.0,1,0.0,1
292,0.0,1,1.0,1,1.0,1,0.0,1,0.0,1,0.0,1,0.0,1,0.0,1
293,0.0,1,0.0,1,0.0,1,0.0,1,0.0,1,0.0,1,0.0,1,0.0,1
294,0.0,1,1.0,1,0.0,1,1.0,1,0.0,1,0.0,1,0.0,1,0.0,1
295,0.0,1,0.0,1,1.0,1,0.0,1,0.0,1,0.0,1,0.0,1,0.0,1
296,0.0,1,0.0,1,0.0,1,0.0,1,0.0,1,0.0,1,0.0,1,0.0,1
297,0.0,1,0.0,1,0.0,1,0.0,1,0.0,1,0.0,1,1.0,1,0.0,1
298,1.0,1,1.0,1,0.0,1,1.0,1,1.0,1,1.0,1,0.0,1,0.0,1
299,0.0,1,0.0,1,0.0,1,0.0,1,0.0,1,0.0,1,0.0,1,0.0,1
300,0.0,1,0.0,1,0.0,1,0.0,1,0.0,1,0.0,1,0.0,1,0.0,1
301,0.0,1,0.0,1,0.0,1,0.0,1,0.0,1,0.0,1,0.0,1,0.0,1
302,1.0,1,1.0,1,0.0,1,0.0,1,0.0,1,1.0,1,1.0,1,0.0,1
303,0.0,1,0.0,1,1.0,1,1.0,1,0.0,1,0.0,1,1.0,1,0.0,1
304,0.0,1,0.0,1,0.0,1,0.0,1,0.0,1,0.0,1,1.0,1,0.0,1
305,0.0,1,0.0,1,0.0,1,0.0,1,1.0,1,0.0,1,0.0,1,0.0,1
306,0.0,1,1.0,1,0.0,1,0.0,1,0.0,1,0.0,1,0.0,1,0.0,1
307,0.0,1,0.0,1,0.0,1,1.0,1,0.0,1,0.0,1,0.0,1,0.0,1
308,0.0,1,0.0,1,0.0,1,0.0,1,0.0,1,0.0,1,0.0,1,0.0,1
309,1.0,1,1.0,1,0.0,1,0.0,1,0.0,1,1.0,1,0.0,1,0.0,1
310,0.0,1,0.0,1,1.0,1,0.0,1,1.0,1,0.0,1,0.0,1,0.0,1
311,0.0,1,1.0,1,0.0,1,0.0,1,0.0,1,0.0,1,0.0,1,0.0,1
312,0.0,1,0.0,1,0.0,1,1.0,1,0.0,1,0.0,1,0.0,1,0.0,1
313,1.0,1,0.0,1,0.0,1,0.0,1,0.0,1,1.0,1,1.0,1,0.0,1
314,0.0,1,1.0,1,0.0,1,0.0,1,0.0,1,0.0,1,0.0,1,0.0,1
315,0.0,1,1.0,1,0.0,1,0.0,1,1.0,1,0.0,1,0.0,1,0.0,1
316,0.0,1,0.0,1,0.0,1,0.0,1,0.0,1,0.0,1,1.0,1,0.0,1
317,0.0,1,0.0,1,0.0,1,0.0,1,0.0,1,0.0,1,0.0,1,0.0,1
318,0.0,1,0.0,1,0.0,1,1.0,1,0.0,1,0.0,1,0.0,1,0.0,1
319,1.0,1,1.0,1,1.0,1,0.0,1,1.0,1,1.0,1,0.0,1,0.0,1
320,0.0,1,0.0,1,0.0,1,0.0,1,0.0,1,0.0,1,0.0,1,0.0,1
321,0.0,1,0.0,1,0.0,1,0.0,1,0.0,1,0.0,1,0.0,1,0.0,1
322,0.0,1,0.0,1,3.0,1,0.0,1,0.0,1,0.0,1,0.0,1,0.0,1
323,0.0,1,1.0,1,0.0,1,0.0,1,0.0,1,0.0,1,1.0,1,0.0,1
324,0.0,1,0.0,1,1.0,1,1.0,1,0.0,1,0.0,1,0.0,1,0.0,1
325,0.0,1,0.0,1,0.0,1,1.0,1,0.0,1,0.0,1,0.0,1,0.0,1
326,1.0,1,0.0,1,0.0,1,0.0,1,1.0,1,1.0,1,0.0,1,0.0,1
327,0.0,1,1.0,1,0.0,1,0.0,1,0.0,1,0.0,1,1.0,1,0.0,1
328,0.0,1,0.0,1,1.0,1,0.0,1,0.0,1,0.0,1,0.0,1,0.0,1
329,0.0,1,0.0,1,0.0,1,0.0,1,1.0,1,0.0,1,1.0,1,0.0,1
330,0.0,1,1.0,1,0.0,1,0.0,1,0.0,1,0.0,1,1.0,1,0.0,1
331,0.0,1,1.0,1,0.0,1,1.0,1,0.0,1,0.0,1,1.0,1,0.0,1
332,0.0,1,0.0,1,1.0,1,0.0,1,0.0,1,0.0,1,0.0,1,0.0,1
333,0.0,1,2.0,1,0.0,1,0.0,1,1.0,1,0.0,1,0.0,1,0.0,1
334,1.0,1,0.0,1,0.0,1,0.0,1,0.0,1,1.0,1,1.0,1,0.0,1
335,0.0,1,0.0,1,0.0,1,0.0,1,0.0,1,0.0,1,0.0,1,0.0,1
336,0.0,1,0.0,1,0.0,1,0.0,1,0.0,1,0.0,1,1.0,1,0.0,1
337,0.0,1,1.0,1,0.0,1,0.0,1,0.0,1,0.0,1,0.0,1,0.0,1
338,0.0,1,0.0,1,1.0,1,0.0,1,0.0,1,0.0,1,1.0,1,0.0,1
339,1.0,1,1.0,1,0.0,1,1.0,1,0.0,1,1.0,1,1.0,1,0.0,1
340,0.0,1,0.0,1,0.0,1,0.0,1,0.0,1,0.0,1,0.0,1,0.0,1
341,0.0,1,0.0,1,1.0,1,0.0,1,0.0,1,0.0,1,1.0,1,0.0,1
342,0.0,1,0.0,1,0.0,1,0.0,1,0.0,1,0.0,1,0.0,1,0.0,1
343,0.0,1,1.0,1,0.0,1,1.0,1,0.0,1,0.0,1,0.0,1,0.0,1
344,0.0,1,0.0,1,0.0,1,0.0,1,0.0,1,0.0,1,0.0,1,0.0,1
345,0.0,1,1.0,1,1.0,1,1.0,1,0.0,1,0.0,1,1.0,1,0.0,1
346,0.0,1,1.0,1,0.0,1,0.0,1,0.0,1,0.0,1,0.0,1,0.0,1
347,1.0,1,0.0,1,0.0,1,0.0,1,0.0,1,1.0,1,0.0,1,0.0,1
348,0.0,1,1.0,1,1.0,1,0.0,1,0.0,1,0.0,1,0.0,1,0.0,1
349,0.0,1,0.0,1,0.0,1,0.0,1,0.0,1,0.0,1,1.0,1,0.0,1
350,0.0,1,0.0,1,0.0,1,1.0,1,0.0,1,0.0,1,0.0,1,0.0,1
351,0.0,1,0.0,1,1.0,1,0.0,1,0.0,1,0.0,1,0.0,1,0.0,1
352,1.0,1,1.0,1,0.0,1,0.0,1,0.0,1,1.0,1,0.0,1,0.0,1
353,0.0,1,0.0,1,0.0,1,0.0,1,0.0,1,0.0,1,1.0,1,0.0,1
354,0.0,1,1.0,1,0.0,1,0.0,1,0.0,1,0.0,1,1.0,1,0.0,1
355,0.0,1,0.0,1,0.0,1,0.0,1,0.0,1,0.0,1,0.0,1,0.0,1
356,1.0,1,0.0,1,0.0,1,0.0,1,0.0,1,1.0,1,1.0,1,0.0,1
357,0.0,1,0.0,1,1.0,1,0.0,1,0.0,1,0.0,1,0.0,1,0.0,1
358,0.0,1,0.0,1,0.0,1,0.0,1,0.0,1,0.0,1,2.0,1,0.0,1
359,0.0,1,0.0,1,0.0,1,0.0,1,0.0,1,0.0,1,1.0,1,0.0,1
360,0.0,1,0.0,1,0.0,1,0.0,1,0.0,1,0.0,1,1.0,1,0.0,1
361,0.0,1,1.0,1,1.0,1,0.0,1,0.0,1,0.0,1,0.0,1,0.0,1
362,0.0,1,0.0,1,0.0,1,1.0,1,0.0,1,0.0,1,1.0,1,0.0,1
363,0.0,1,0.0,1,0.0,1,0.0,1,0.0,1,0.0,1,1.0,1,0.0,1
364,1.0,1,0.0,1,0.0,1,0.0,1,0.0,1,1.0,1,0.0,1,0.0,1
365,0.0,1,1.0,1,0.0,1,0.0,1,0.0,1,0.0,1,0.0,1,0.0,1
366,0.0,1,0.0,1,0.0,1,0.0,1,0.0,1,0.0,1,0.0,1,0.0,1
367,1.0,1,0.0,1,0.0,1,0.0,1,0.0,1,1.0,1,1.0,1,0.0,1
368,0.0,1,0.0,1,0.0,1,0.0,1,0.0,1,0.0,1,0.0,1,0.0,1
369,0.0,1,0.0,1,0.0,1,0.0,1,0.0,1,0.0,1,0.0,1,0.0,1
370,0.0,1,1.0,1,1.0,1,0.0,1,0.0,1,0.0,1,0.0,1,0.0,1
371,0.0,1,0.0,1,0.0,1,0.0,1,0.0,1,0.0,1,0.0,1,0.0,1
372,1.0,1,0.0,1,0.0,1,0.0,1,0.0,1,1.0,1,1.0,1,0.0,1
373,0.0,1,0.0,1,0.0,1,0.0,1,0.0,1,0.0,1,0.0,1,0.0,1
374,0.0,1,1.0,1,0.0,1,1.0,1,0.0,1,0.0,1,0.0,1,0.0,1
375,0.0,1,0.0,1,0.0,1,1.0,1,0.0,1,0.0,1,0.0,1,0.0,1
376,1.0,1,0.0,1,0.0,1,0.0,1,0.0,1,1.0,1,0.0,1,0.0,1
377,0.0,1,0.0,1,1.0,1,0.0,1,0.0,1,0.0,1,0.0,1,0.0,1
378,0.0,1,1.0,1,0.0,1,0.0,1,0.0,1,0.0,1,0.0,1,0.0,1
379,0.0,1,0.0,1,0.0,1,0.0,1,0.0,1,0.0,1,0.0,1,0.0,1
380,0.0,1,0.0,1,0.0,1,0.0,1,0.0,1,0.0,1,1.0,1,0.0,1
381,0.0,1,0.0,1,0.0,1,1.0,1,0.0,1,0.0,1,0.0,1,0.0,1
382,0.0,1,1.0,1,1.0,1,0.0,1,0.0,1,0.0,1,0.0,1,0.0,1
383,0.0,1,0.0,1,0.0,1,0.0,1,0.0,1,0.0,1,0.0,1,0.0,1
384,1.0,1,1.0,1,0.0,1,0.0,1,0.0,1,1.0,1,0.0,1,0.0,1
385,0.0,1,0.0,1,1.0,1,0.0,1,0.0,1,0.0,1,0.0,1,0.0,1
386,1.0,1,0.0,1,0.0,1,0.0,1,0.0,1,1.0,1,0.0,1,0.0,1
387,0.0,1,0.0,1,0.0,1,1.0,1,0.0,1,0.0,1,0.0,1,0.0,1
388,0.0,1,0.0,1,0.0,1,0.0,1,0.0,1,0.0,1,0.0,1,0.0,1
389,0.0,1,0.0,1,0.0,1,0.0,1,0.0,1,0.0,1,0.0,1,0.0,1
390,0.0,1,0.0,1,0.0,1,0.0,1,0.0,1,0.0,1,0.0,1,0.0,1
391,0.0,1,1.0,1,1.0,1,0.0,1,0.0,1,0.0,1,1.0,1,0.0,1
392,0.0,1,0.0,1,0.0,1,1.0,1,0.0,1,0.0,1,0.0,1,0.0,1
393,1.0,1,0.0,1,0.0,1,0.0,1,0.0,1,1.0,1,0.0,1,0.0,1
394,0.0,1,0.0,1,0.0,1,0.0,1,0.0,1,0.0,1,0.0,1,0.0,1
395,0.0,1,1.0,1,0.0,1,0.0,1,0.0,1,0.0,1,0.0,1,0.0,1
396,0.0,1,0.0,1,0.0,1,0.0,1,0.0,1,0.0,1,1.0,1,0.0,1
397,0.0,1,0.0,1,0.0,1,0.0,1,0.0,1,0.0,1,0.0,1,0.0,1
398,1.0,1,1.0,1,1.0,1,1.0,1,0.0,1,1.0,1,0.0,1,0.0,1
399,0.0,1,0.0,1,0.0,1,0.0,1,0.0,1,0.0,1,0.0,1,0.0,1
400,0.0,1,0.0,1,0.0,1,0.0,1,0.0,1,0.0,1,0.0,1,0.0,1
401,1.0,1,1.0,1,0.0,1,0.0,1,0.0,1,1.0,1,1.0,1,0.0,1
402,0.0,1,0.0,1,0.0,1,0.0,1,0.0,1,0.0,1,0.0,1,0.0,1
403,0.0,1,0.0,1,0.0,1,0.0,1,0.0,1,0.0,1,0.0,1,0.0,1
404,0.0,1,0.0,1,0.0,1,0.0,1,0.0,1,0.0,1,0.0,1,0.0,1
405,1.0,1,1.0,1,1.0,1,0.0,1,0.0,1,1.0,1,0.0,1,0.0,1
406,0.0,1,0.0,1,0.0,1,0.0,1,0.0,1,0.0,1,1.0,1,0.0,1
407,0.0,1,1.0,1,0.0,1,0.0,1,0.0,1,0.0,1,0.0,1,0.0,1
408,0.0,1,1.0,1,0.0,1,0.0,1,0.0,1,0.0,1,0.0,1,0.0,1
409,0.0,1,0.0,1,0.0,1,1.0,1,0.0,1,0.0,1,0.0,1,0.0,1
410,1.0,1,1.0,1,1.0,1,0.0,1,0.0,1,1.0,1,0.0,1,0.0,1
411,0.0,1,0.0,1,0.0,1,0.0,1,0.0,1,0.0,1,1.0,1,0.0,1
412,0.0,1,0.0,1,0.0,1,0.0,1,0.0,1,0.0,1,0.0,1,0.0,1
413,0.0,1,1.0,1,1.0,1,0.0,1,0.0,1,0.0,1,0.0,1,0.0,1
414,0.0,1,1.0,1,9.0,1,0.0,1,0.0,1,0.0,1,0.0,1,0.0,1
415,0.0,1,0.0,1,0.0,1,1.0,1,0.0,1,0.0,1,0.0,1,0.0,1
416,1.0,1,0.0,1,0.0,1,0.0,1,0.0,1,1.0,1,1.0,1,0.0,1
417,0.0,1,0.0,1,1.0,1,0.0,1,0.0,1,0.0,1,0.0,1,0.0,1
418,0.0,1,0.0,1,0.0,1,0.0,1,0.0,1,0.0,1,0.0,1,0.0,1
419,1.0,1,1.0,1,0.0,1,0.0,1,0.0,1,1.0,1,0.0,1,0.0,1
420,0.0,1,1.0,1,0.0,1,0.0,1,0.0,1,0.0,1,0.0,1,0.0,1
421,0.0,1,0.0,1,0.0,1,0.0,1,0.0,1,0.0,1,1.0,1,0.0,1
422,1.0,1,0.0,1,0.0,1,0.0,1,0.0,1,1.0,1,0.0,1,0.0,1
423,0.0,1,0.0,1,1.0,1,0.0,1,0.0,1,0.0,1,1.0,1,0.0,1
424,0.0,1,1.0,1,0.0,1,0.0,1,0.0,1,0.0,1,0.0,1,0.0,1
425,0.0,1,0.0,1,1.0,1,1.0,1,0.0,1,0.0,1,0.0,1,0.0,1
426,1.0,1,0.0,1,0.0,1,0.0,1,0.0,1,1.0,1,0.0,1,0.0,1
427,0.0,1,0.0,1,0.0,1,0.0,1,0.0,1,0.0,1,1.0,1,0.0,1
428,0.0,1,1.0,1,0.0,1,0.0,1,0.0,1,0.0,1,0.0,1,0.0,1
429,1.0,1,0.0,1,0.0,1,0.0,1,0.0,1,1.0,1,0.0,1,0.0,1
430,0.0,1,1.0,1,1.0,1,0.0,1,0.0,1,0.0,1,0.0,1,0.0,1
431,1.0,1,1.0,1,0.0,1,0.0,1,0.0,1,1.0,1,0.0,1,0.0,1
432,0.0,1,0.0,1,0.0,1,0.0,1,0.0,1,0.0,1,0.0,1,0.0,1
433,0.0,1,0.0,1,0.0,1,1.0,1,0.0,1,0.0,1,0.0,1,0.0,1
434,1.0,1,1.0,1,0.0,1,0.0,1,0.0,1,1.0,1,0.0,1,0.0,1
435,0.0,1,0.0,1,0.0,1,0.0,1,0.0,1,0.0,1,1.0,1,0.0,1
436,0.0,1,1.0,1,1.0,1,0.0,1,0.0,1,0.0,1,0.0,1,0.0,1
437,0.0,1,0.0,1,0.0,1,0.0,1,0.0,1,0.0,1,1.0,1,0.0,1
438,1.0,1,1.0,1,1.0,1,0.0,1,0.0,1,1.0,1,0.0,1,0.0,1
439,0.0,1,1.0,1,0.0,1,1.0,1,0.0,1,0.0,1,1.0,1,0.0,1
440,0.0,1,0.0,1,0.0,1,0.0,1,0.0,1,0.0,1,0.0,1,0.0,1
441,0.0,1,13.0,1,0.0,1,0.0,1,0.0,1,0.0,1,0.0,1,0.0,1
442,0.0,1,0.0,1,1.0,1,0.0,1,0.0,1,0.0,1,0.0,1,0.0,1
443,0.0,1,0.0,1,0.0,1,0.0,1,0.0,1,0.0,1,0.0,1,0.0,1
444,1.0,1,1.0,1,0.0,1,1.0,1,0.0,1,1.0,1,1.0,1,0.0,1
445,0.0,1,0.0,1,0.0,1,0.0,1,0.0,1,0.0,1,0.0,1,0.0,1
446,0.0,1,0.0,1,0.0,1,0.0,1,0.0,1,0.0,1,0.0,1,0.0,1
447,0.0,1,0.0,1,0.0,1,0.0,1,0.0,1,0.0,1,0.0,1,0.0,1
448,0.0,1,0.0,1,0.0,1,0.0,1,0.0,1,0.0,1,1.0,1,0.0,1
449,0.0,1,0.0,1,0.0,1,0.0,1,0.0,1,0.0,1,0.0,1,0.0,1
450,1.0,1,1.0,1,1.0,1,0.0,1,0.0,1,1.0,1,0.0,1,0.0,1
451,0.0,1,1.0,1,0.0,1,0.0,1,0.0,1,0.0,1,0.0,1,0.0,1
452,0.0,1,0.0,1,0.0,1,0.0,1,0.0,1,0.0,1,1.0,1,0.0,1
453,0.0,1,0.0,1,1.0,1,1.0,1,0.0,1,0.0,1,0.0,1,0.0,1
454,0.0,1,0.0,1,0.0,1,0.0,1,0.0,1,0.0,1,0.0,1,0.0,1
455,1.0,1,1.0,1,0.0,1,0.0,1,0.0,1,1.0,1,0.0,1,0.0,1
456,1.0,1,0.0,1,0.0,1,0.0,1,0.0,1,1.0,1,1.0,1,0.0,1
457,0.0,1,0.0,1,0.0,1,0.0,1,0.0,1,0.0,1,0.0,1,0.0,1
458,0.0,1,0.0,1,0.0,1,0.0,1,0.0,1,0.0,1,0.0,1,0.0,1
459,0.0,1,0.0,1,1.0,1,0.0,1,0.0,1,0.0,1,0.0,1,0.0,1
460,0.0,1,0.0,1,0.0,1,0.0,1,0.0,1,0.0,1,0.0,1,0.0,1
461,0.0,1,0.0,1,0.0,1,1.0,1,0.0,1,0.0,1,0.0,1,0.0,1
462,0.0,1,0.0,1,0.0,1,0.0,1,0.0,1,0.0,1,0.0,1,0.0,1
463,1.0,1,0.0,1,0.0,1,1.0,1,0.0,1,1.0,1,1.0,1,0.0,1
464,0.0,1,0.0,1,1.0,1,0.0,1,0.0,1,0.0,1,1.0,1,0.0,1
465,0.0,1,0.0,1,0.0,1,0.0,1,0.0,1,0.0,1,1.0,1,0.0,1
466,0.0,1,0.0,1,0.0,1,0.0,1,0.0,1,0.0,1,1.0,1,0.0,1
467,0.0,1,0.0,1,0.0,1,1.0,1,0.0,1,0.0,1,0.0,1,0.0,1
468,0.0,1,0.0,1,4.0,1,0.0,1,0.0,1,0.0,1,1.0,1,0.0,1
469,1.0,1,0.0,1,1.0,1,0.0,1,0.0,1,1.0,1,0.0,1,0.0,1
470,0.0,1,0.0,1,0.0,1,0.0,1,0.0,1,0.0,1,0.0,1,0.0,1
471,0.0,1,0.0,1,0.0,1,0.0,1,0.0,1,0.0,1,1.0,1,0.0,1
472,1.0,1,0.0,1,0.0,1,0.0,1,0.0,1,1.0,1,0.0,1,0.0,1
473,0.0,1,0.0,1,0.0,1,1.0,1,0.0,1,0.0,1,0.0,1,0.0,1
474,0.0,1,0.0,1,0.0,1,0.0,1,0.0,1,0.0,1,0.0,1,0.0,1
475,0.0,1,0.0,1,1.0,1,0.0,1,0.0,1,0.0,1,0.0,1,0.0,1
476,0.0,1,0.0,1,0.0,1,0.0,1,0.0,1,0.0,1,1.0,1,0.0,1
477,1.0,1,0.0,1,0.0,1,0.0,1,0.0,1,1.0,1,0.0,1,0.0,1
478,0.0,1,0.0,1,0.0,1,0.0,1,0.0,1,0.0,1,1.0,1,0.0,1
479,0.0,1,0.0,1,0.0,1,0.0,1,0.0,1,0.0,1,0.0,1,0.0,1
480,0.0,1,0.0,1,1.0,1,1.0,1,0.0,1,0.0,1,0.0,1,0.0,1
481,1.0,1,0.0,1,0.0,1,0.0,1,0.0,1,1.0,1,2.0,1,0.0,1
482,0.0,1,0.0,1,1.0,1,0.0,1,0.0,1,0.0,1,0.0,1,0.0,1
483,0.0,1,0.0,1,0.0,1,0.0,1,0.0,1,0.0,1,0.0,1,0.0,1
484,1.0,1,0.0,1,0.0,1,1.0,1,0.0,1,1.0,1,1.0,1,0.0,1
485,0.0,1,0.0,1,0.0,1,0.0,1,0.0,1,0.0,1,0.0,1,0.0,1
486,0.0,1,0.0,1,0.0,1,0.0,1,0.0,1,0.0,1,1.0,1,0.0,1
487,0.0,1,0.0,1,1.0,1,0.0,1,0.0,1,0.0,1,0.0,1,0.0,1
488,0.0,1,0.0,1,0.0,1,0.0,1,0.0,1,0.0,1,1.0,1,0.0,1
489,1.0,1,0.0,1,0.0,1,0.0,1,0.0,1,1.0,1,0.0,1,0.0,1
490,0.0,1,0.0,1,0.0,1,0.0,1,0.0,1,0.0,1,0.0,1,0.0,1
491,0.0,1,0.0,1,1.0,1,1.0,1,0.0,1,0.0,1,1.0,1,0.0,1
492,0.0,1,0.0,1,0.0,1,0.0,1,0.0,1,0.0,1,0.0,1,0.0,1
493,1.0,1,0.0,1,1.0,1,0.0,1,0.0,1,1.0,1,1.0,1,0.0,1
494,0.0,1,0.0,1,0.0,1,0.0,1,0.0,1,0.0,1,1.0,1,0.0,1
495,0.0,1,0.0,1,0.0,1,0.0,1,0.0,1,0.0,1,1.0,1,0.0,1
496,0.0,1,0.0,1,0.0,1,1.0,1,0.0,1,0.0,1,0.0,1,0.0,1
497,0.0,1,0.0,1,1.0,1,0.0,1,0.0,1,0.0,1,1.0,1,0.0,1
498,1.0,1,0.0,1,0.0,1,0.0,1,0.0,1,1.0,1,0.0,1,0.0,1
499,0.0,1,0.0,1,0.0,1,0.0,1,0.0,1,0.0,1,1.0,1,0.0,1
500,0.0,1,0.0,1,0.0,1,1.0,1,0.0,1,0.0,1,0.0,1,0.0,1
501,0.0,1,0.0,1,0.0,1,0.0,1,0.0,1,0.0,1,0.0,1,0.0,1
502,1.0,1,0.0,1,1.0,1,0.0,1,0.0,1,1.0,1,0.0,1,0.0,1
503,0.0,1,0.0,1,0.0,1,0.0,1,0.0,1,0.0,1,1.0,1,0.0,1
504,0.0,1,0.0,1,0.0,1,1.0,1,0.0,1,0.0,1,0.0,1,0.0,1
505,0.0,1,0.0,1,0.0,1,0.0,1,0.0,1,0.0,1,0.0,1,0.0,1
506,1.0,1,0.0,1,0.0,1,0.0,1,0.0,1,1.0,1,0.0,1,0.0,1
507,0.0,1,0.0,1,0.0,1,0.0,1,0.0,1,0.0,1,1.0,1,0.0,1
508,0.0,1,0.0,1,1.0,1,0.0,1,0.0,1,0.0,1,0.0,1,0.0,1
509,0.0,1,0.0,1,0.0,1,0.0,1,0.0,1,0.0,1,0.0,1,0.0,1
510,1.0,1,0.0,1,0.0,1,1.0,1,0.0,1,1.0,1,0.0,1,0.0,1
511,0.0,1,0.0,1,0.0,1,0.0,1,0.0,1,0.0,1,0.0,1,0.0,1
512,0.0,1,0.0,1,0.0,1,0.0,1,0.0,1,0.0,1,1.0,1,0.0,1
513,1.0,1,0.0,1,0.0,1,0.0,1,0.0,1,1.0,1,0.0,1,0.0,1
514,0.0,1,0.0,1,0.0,1,0.0,1,0.0,1,0.0,1,0.0,1,0.0,1
515,0.0,1,0.0,1,1.0,1,0.0,1,0.0,1,0.0,1,0.0,1,0.0,1
516,1.0,1,0.0,1,0.0,1,0.0,1,0.0,1,1.0,1,1.0,1,0.0,1
517,0.0,1,0.0,1,0.0,1,0.0,1,0.0,1,0.0,1,0.0,1,0.0,1
518,0.0,1,0.0,1,0.0,1,1.0,1,0.0,1,0.0,1,0.0,1,0.0,1
519,0.0,1,0.0,1,0.0,1,0.0,1,0.0,1,0.0,1,0.0,1,0.0,1
520,1.0,1,0.0,1,0.0,1,0.0,1,0.0,1,1.0,1,1.0,1,0.0,1
521,0.0,1,0.0,1,0.0,1,0.0,1,0.0,1,0.0,1,1.0,1,0.0,1
522,0.0,1,0.0,1,0.0,1,0.0,1,0.0,1,0.0,1,0.0,1,0.0,1
523,0.0,1,0.0,1,0.0,1,0.0,1,0.0,1,0.0,1,1.0,1,0.0,1
524,1.0,1,0.0,1,0.0,1,1.0,1,0.0,1,1.0,1,0.0,1,0.0,1
525,0.0,1,0.0,1,0.0,1,0.0,1,0.0,1,0.0,1,1.0,1,0.0,1
526,0.0,1,0.0,1,0.0,1,1.0,1,0.0,1,0.0,1,0.0,1,0.0,1
527,1.0,1,0.0,1,0.0,1,0.0,1,0.0,1,1.0,1,0.0,1,0.0,1
528,0.0,1,0.0,1,0.0,1,0.0,1,0.0,1,0.0,1,0.0,1,0.0,1
529,0.0,1,0.0,1,0.0,1,0.0,1,0.0,1,0.0,1,0.0,1,0.0,1
530,1.0,1,0.0,1,0.0,1,0.0,1,0.0,1,1.0,1,0.0,1,0.0,1
531,0.0,1,0.0,1,0.0,1,1.0,1,0.0,1,0.0,1,0.0,1,0.0,1
532,0.0,1,0.0,1,0.0,1,0.0,1,0.0,1,0.0,1,0.0,1,0.0,1
533,1.0,1,0.0,1,0.0,1,0.0,1,0.0,1,1.0,1,0.0,1,0.0,1
534,0.0,1,0.0,1,0.0,1,0.0,1,0.0,1,0.0,1,0.0,1,0.0,1
535,0.0,1,0.0,1,0.0,1,0.0,1,0.0,1,0.0,1,0.0,1,0.0,1
536,0.0,1,0.0,1,0.0,1,0.0,1,0.0,1,0.0,1,0.0,1,0.0,1
537,0.0,1,0.0,1,0.0,1,0.0,1,0.0,1,0.0,1,0.0,1,0.0,1
538,1.0,1,0.0,1,0.0,1,0.0,1,0.0,1,1.0,1,0.0,1,0.0,1
539,0.0,1,0.0,1,0.0,1,0.0,1,0.0,1,0.0,1,0.0,1,0.0,1
540,0.0,1,0.0,1,0.0,1,1.0,1,0.0,1,0.0,1,0.0,1,0.0,1
541,0.0,1,0.0,1,0.0,1,0.0,1,0.0,1,0.0,1,0.0,1,0.0,1
542,0.0,1,0.0,1,0.0,1,0.0,1,0.0,1,0.0,1,0.0,1,0.0,1
543,1.0,1,0.0,1,0.0,1,0.0,1,0.0,1,1.0,1,0.0,1,0.0,1
544,0.0,1,0.0,1,0.0,1,0.0,1,0.0,1,0.0,1,0.0,1,0.0,1
545,0.0,1,0.0,1,0.0,1,0.0,1,0.0,1,0.0,1,0.0,1,0.0,1
546,1.0,1,0.0,1,0.0,1,1.0,1,0.0,1,1.0,1,0.0,1,0.0,1
547,1.0,1,0.0,1,0.0,1,0.0,1,0.0,1,1.0,1,0.0,1,0.0,1
548,0.0,1,0.0,1,0.0,1,0.0,1,0.0,1,0.0,1,0.0,1,0.0,1
549,0.0,1,0.0,1,0.0,1,0.0,1,0.0,1,0.0,1,0.0,1,0.0,1
550,0.0,1,0.0,1,0.0,1,0.0,1,0.0,1,0.0,1,0.0,1,0.0,1
551,0.0,1,0.0,1,0.0,1,0.0,1,0.0,1,0.0,1,0.0,1,0.0,1
552,0.0,1,0.0,1,0.0,1,1.0,1,0.0,1,0.0,1,0.0,1,0.0,1
553,0.0,1,0.0,1,0.0,1,0.0,1,0.0,1,0.0,1,0.0,1,0.0,1
554,0.0,1,0.0,1,0.0,1,0.0,1,0.0,1,0.0,1,0.0,1,0.0,1
555,1.0,1,0.0,1,0.0,1,0.0,1,0.0,1,1.0,1,0.0,1,0.0,1
556,0.0,1,0.0,1,0.0,1,0.0,1,0.0,1,0.0,1,0.0,1,0.0,1
557,0.0,1,0.0,1,0.0,1,0.0,1,0.0,1,0.0,1,0.0,1,0.0,1
558,0.0,1,0.0,1,0.0,1,0.0,1,0.0,1,0.0,1,0.0,1,0.0,1
559,0.0,1,0.0,1,0.0,1,0.0,1,0.0,1,0.0,1,0.0,1,0.0,1
560,1.0,1,0.0,1,0.0,1,1.0,1,0.0,1,1.0,1,0.0,1,0.0,1
561,0.0,1,0.0,1,0.0,1,0.0,1,0.0,1,0.0,1,0.0,1,0.0,1
562,0.0,1,0.0,1,0.0,1,0.0,1,0.0,1,0.0,1,0.0,1,0.0,1
563,1.0,1,0.0,1,0.0,1,0.0,1,0.0,1,1.0,1,0.0,1,0.0,1
564,0.0,1,0.0,1,0.0,1,0.0,1,0.0,1,0.0,1,0.0,1,0.0,1
565,0.0,1,0.0,1,0.0,1,0.0,1,0.0,1,0.0,1,0.0,1,0.0,1
566,0.0,1,0.0,1,0.0,1,0.0,1,0.0,1,0.0,1,0.0,1,0.0,1
567,0.0,1,0.0,1,0.0,1,1.0,1,0.0,1,0.0,1,0.0,1,0.0,1
568,1.0,1,0.0,1,0.0,1,0.0,1,0.0,1,1.0,1,0.0,1,0.0,1
569,0.0,1,0.0,1,0.0,1,1.0,1,0.0,1,0.0,1,0.0,1,0.0,1
570,0.0,1,0.0,1,0.0,1,0.0,1,0.0,1,0.0,1,0.0,1,0.0,1
571,0.0,1,0.0,1,0.0,1,0.0,1,0.0,1,0.0,1,0.0,1,0.0,1
572,1.0,1,0.0,1,0.0,1,0.0,1,0.0,1,1.0,1,0.0,1,0.0,1
573,0.0,1,0.0,1,0.0,1,0.0,1,0.0,1,0.0,1,0.0,1,0.0,1
574,0.0,1,0.0,1,0.0,1,1.0,1,0.0,1,0.0,1,0.0,1,0.0,1
575,1.0,1,0.0,1,0.0,1,0.0,1,0.0,1,1.0,1,0.0,1,0.0,1
576,0.0,1,0.0,1,0.0,1,0.0,1,0.0,1,0.0,1,0.0,1,0.0,1
577,0.0,1,0.0,1,0.0,1,1.0,1,0.0,1,0.0,1,0.0,1,0.0,1
578,0.0,1,0.0,1,0.0,1,0.0,1,0.0,1,0.0,1,0.0,1,0.0,1
579,1.0,1,0.0,1,0.0,1,0.0,1,0.0,1,1.0,1,0.0,1,0.0,1
580,0.0,1,0.0,1,0.0,1,0.0,1,0.0,1,0.0,1,0.0,1,0.0,1
581,0.0,1,0.0,1,0.0,1,0.0,1,0.0,1,0.0,1,0.0,1,0.0,1
582,0.0,1,0.0,1,0.0,1,0.0,1,0.0,1,0.0,1,0.0,1,0.0,1
583,0.0,1,0.0,1,0.0,1,1.0,1,0.0,1,0.0,1,0.0,1,0.0,1
584,0.0,1,0.0,1,0.0,1,0.0,1,0.0,1,0.0,1,0.0,1,0.0,1
585,1.0,1,0.0,1,0.0,1,0.0,1,0.0,1,1.0,1,0.0,1,0.0,1
586,0.0,1,0.0,1,0.0,1,0.0,1,0.0,1,0.0,1,0.0,1,0.0,1
587,0.0,1,0.0,1,0.0,1,0.0,1,0.0,1,0.0,1,0.0,1,0.0,1
588,1.0,1,0.0,1,0.0,1,1.0,1,0.0,1,1.0,1,0.0,1,0.0,1
589,0.0,1,0.0,1,0.0,1,0.0,1,0.0,1,0.0,1,0.0,1,0.0,1
590,1.0,1,0.0,1,0.0,1,0.0,1,0.0,1,1.0,1,0.0,1,0.0,1
591,0.0,1,0.0,1,0.0,1,0.0,1,0.0,1,0.0,1,0.0,1,0.0,1
592,0.0,1,0.0,1,0.0,1,0.0,1,0.0,1,0.0,1,0.0,1,0.0,1
593,1.0,1,0.0,1,0.0,1,0.0,1,0.0,1,1.0,1,0.0,1,0.0,1
594,0.0,1,0.0,1,0.0,1,0.0,1,0.0,1,0.0,1,0.0,1,0.0,1
595,0.0,1,0.0,1,0.0,1,1.0,1,0.0,1,0.0,1,0.0,1,0.0,1
596,0.0,1,0.0,1,0.0,1,0.0,1,0.0,1,0.0,1,0.0,1,0.0,1
597,1.0,1,0.0,1,0.0,1,0.0,1,0.0,1,1.0,1,0.0,1,0.0,1
598,0.0,1,0.0,1,0.0,1,0.0,1,0.0,1,0.0,1,0.0,1,0.0,1
599,0.0,1,0.0,1,0.0,1,0.0,1,0.0,1,0.0,1,0.0,1,0.0,1
600,0.0,1,0.0,1,0.0,1,1.0,1,0.0,1,0.0,1,0.0,1,0.0,1
601,1.0,1,0.0,1,0.0,1,0.0,1,0.0,1,1.0,1,0.0,1,0.0,1
602,0.0,1,0.0,1,0.0,1,0.0,1,0.0,1,0.0,1,0.0,1,0.0,1
603,0.0,1,0.0,1,0.0,1,0.0,1,0.0,1,0.0,1,0.0,1,0.0,1
604,0.0,1,0.0,1,0.0,1,0.0,1,0.0,1,0.0,1,0.0,1,0.0,1
605,1.0,1,0.0,1,0.0,1,1.0,1,0.0,1,1.0,1,0.0,1,0.0,1
606,0.0,1,0.0,1,0.0,1,0.0,1,0.0,1,0.0,1,0.0,1,0.0,1
607,0.0,1,0.0,1,0.0,1,0.0,1,0.0,1,0.0,1,0.0,1,0.0,1
608,0.0,1,0.0,1,0.0,1,0.0,1,0.0,1,0.0,1,0.0,1,0.0,1
609,1.0,1,0.0,1,0.0,1,1.0,1,0.0,1,1.0,1,0.0,1,0.0,1
610,0.0,1,0.0,1,0.0,1,0.0,1,0.0,1,0.0,1,0.0,1,0.0,1
611,0.0,1,0.0,1,0.0,1,0.0,1,0.0,1,0.0,1,0.0,1,0.0,1
612,0.0,1,0.0,1,0.0,1,0.0,1,0.0,1,0.0,1,0.0,1,0.0,1
613,1.0,1,0.0,1,0.0,1,0.0,1,0.0,1,1.0,1,0.0,1,0.0,1
614,0.0,1,0.0,1,0.0,1,0.0,1,0.0,1,0.0,1,0.0,1,0.0,1
615,0.0,1,0.0,1,0.0,1,0.0,1,0.0,1,0.0,1,0.0,1,0.0,1
616,0.0,1,0.0,1,0.0,1,1.0,1,0.0,1,0.0,1,0.0,1,0.0,1
617,0.0,1,0.0,1,0.0,1,0.0,1,0.0,1,0.0,1,0.0,1,0.0,1
618,0.0,1,0.0,1,0.0,1,0.0,1,0.0,1,0.0,1,0.0,1,0.0,1
619,0.0,1,0.0,1,0.0,1,0.0,1,0.0,1,0.0,1,0.0,1,0.0,1
620,0.0,1,0.0,1,0.0,1,0.0,1,0.0,1,0.0,1,0.0,1,0.0,1
621,1.0,1,0.0,1,0.0,1,0.0,1,0.0,1,1.0,1,0.0,1,0.0,1
622,0.0,1,0.0,1,0.0,1,0.0,1,0.0,1,0.0,1,0.0,1,0.0,1
623,0.0,1,0.0,1,0.0,1,1.0,1,0.0,1,0.0,1,0.0,1,0.0,1
624,0.0,1,0.0,1,0.0,1,0.0,1,0.0,1,0.0,1,0.0,1,0.0,1
625,0.0,1,0.0,1,0.0,1,1.0,1,0.0,1,0.0,1,0.0,1,0.0,1
626,1.0,1,0.0,1,0.0,1,1.0,1,0.0,1,1.0,1,0.0,1,0.0,1
627,0.0,1,0.0,1,0.0,1,0.0,1,0.0,1,0.0,1,0.0,1,0.0,1
628,0.0,1,0.0,1,0.0,1,1.0,1,0.0,1,0.0,1,0.0,1,0.0,1
629,0.0,1,0.0,1,0.0,1,0.0,1,0.0,1,0.0,1,0.0,1,0.0,1
630,1.0,1,0.0,1,0.0,1,0.0,1,0.0,1,1.0,1,0.0,1,0.0,1
631,0.0,1,0.0,1,0.0,1,0.0,1,0.0,1,0.0,1,0.0,1,0.0,1
632,0.0,1,0.0,1,0.0,1,0.0,1,0.0,1,0.0,1,0.0,1,0.0,1
633,0.0,1,0.0,1,0.0,1,1.0,1,0.0,1,0.0,1,0.0,1,0.0,1
634,0.0,1,0.0,1,0.0,1,0.0,1,0.0,1,0.0,1,0.0,1,0.0,1
635,1.0,1,0.0,1,0.0,1,0.0,1,0.0,1,1.0,1,0.0,1,0.0,1
636,0.0,1,0.0,1,0.0,1,0.0,1,0.0,1,0.0,1,0.0,1,0.0,1
637,0.0,1,0.0,1,0.0,1,0.0,1,0.0,1,0.0,1,0.0,1,0.0,1
638,0.0,1,0.0,1,0.0,1,1.0,1,0.0,1,0.0,1,0.0,1,0.0,1
639,1.0,1,0.0,1,0.0,1,0.0,1,0.0,1,1.0,1,0.0,1,0.0,1
640,0.0,1,0.0,1,0.0,1,0.0,1,0.0,1,0.0,1,0.0,1,0.0,1
641,0.0,1,0.0,1,0.0,1,0.0,1,0.0,1,0.0,1,0.0,1,0.0,1
642,1.0,1,0.0,1,0.0,1,0.0,1,0.0,1,1.0,1,0.0,1,0.0,1
643,0.0,1,0.0,1,0.0,1,0.0,1,0.0,1,0.0,1,0.0,1,0.0,1
644,0.0,1,0.0,1,0.0,1,0.0,1,0.0,1,0.0,1,0.0,1,0.0,1
645,0.0,1,0.0,1,0.0,1,0.0,1,0.0,1,0.0,1,0.0,1,0.0,1
646,0.0,1,0.0,1,0.0,1,0.0,1,0.0,1,0.0,1,0.0,1,0.0,1
647,1.0,1,0.0,1,0.0,1,1.0,1,0.0,1,1.0,1,0.0,1,0.0,1
648,0.0,1,0.0,1,0.0,1,0.0,1,0.0,1,0.0,1,0.0,1,0.0,1
649,0.0,1,0.0,1,0.0,1,0.0,1,0.0,1,0.0,1,0.0,1,0.0,1
650,0.0,1,0.0,1,0.0,1,1.0,1,0.0,1,0.0,1,0.0,1,0.0,1
651,1.0,1,0.0,1,0.0,1,0.0,1,0.0,1,1.0,1,0.0,1,0.0,1
652,0.0,1,0.0,1,0.0,1,0.0,1,0.0,1,0.0,1,0.0,1,0.0,1
653,0.0,1,0.0,1,0.0,1,0.0,1,0.0,1,0.0,1,0.0,1,0.0,1
654,1.0,1,0.0,1,0.0,1,0.0,1,0.0,1,1.0,1,0.0,1,0.0,1
655,0.0,1,0.0,1,0.0,1,1.0,1,0.0,1,0.0,1,0.0,1,0.0,1
656,0.0,1,0.0,1,0.0,1,0.0,1,0.0,1,0.0,1,0.0,1,0.0,1
657,1.0,1,0.0,1,0.0,1,0.0,1,0.0,1,1.0,1,0.0,1,0.0,1
658,0.0,1,0.0,1,0.0,1,0.0,1,0.0,1,0.0,1,0.0,1,0.0,1
659,0.0,1,0.0,1,0.0,1,1.0,1,0.0,1,0.0,1,0.0,1,0.0,1
660,0.0,1,0.0,1,0.0,1,0.0,1,0.0,1,0.0,1,0.0,1,0.0,1
661,1.0,1,0.0,1,0.0,1,0.0,1,0.0,1,1.0,1,0.0,1,0.0,1
662,0.0,1,0.0,1,0.0,1,0.0,1,0.0,1,0.0,1,0.0,1,0.0,1
663,0.0,1,0.0,1,0.0,1,0.0,1,0.0,1,0.0,1,0.0,1,0.0,1
664,0.0,1,0.0,1,0.0,1,0.0,1,0.0,1,0.0,1,0.0,1,0.0,1
665,1.0,1,0.0,1,0.0,1,0.0,1,0.0,1,1.0,1,0.0,1,0.0,1
666,0.0,1,0.0,1,0.0,1,0.0,1,0.0,1,0.0,1,0.0,1,0.0,1
667,1.0,1,0.0,1,0.0,1,0.0,1,0.0,1,1.0,1,0.0,1,0.0,1
668,0.0,1,0.0,1,0.0,1,0.0,1,0.0,1,0.0,1,0.0,1,0.0,1
669,1.0,1,0.0,1,0.0,1,1.0,1,0.0,1,1.0,1,0.0,1,0.0,1
670,0.0,1,0.0,1,0.0,1,0.0,1,0.0,1,0.0,1,0.0,1,0.0,1
671,0.0,1,0.0,1,0.0,1,1.0,1,0.0,1,0.0,1,0.0,1,0.0,1
672,0.0,1,0.0,1,0.0,1,0.0,1,0.0,1,0.0,1,0.0,1,0.0,1
673,0.0,1,0.0,1,0.0,1,0.0,1,0.0,1,0.0,1,0.0,1,0.0,1
674,0.0,1,0.0,1,0.0,1,0.0,1,0.0,1,0.0,1,0.0,1,0.0,1
675,0.0,1,0.0,1,0.0,1,0.0,1,0.0,1,0.0,1,0.0,1,0.0,1
676,0.0,1,0.0,1,0.0,1,0.0,1,0.0,1,0.0,1,0.0,1,0.0,1
677,0.0,1,0.0,1,0.0,1,0.0,1,0.0,1,0.0,1,0.0,1,0.0,1
678,0.0,1,0.0,1,0.0,1,1.0,1,0.0,1,0.0,1,0.0,1,0.0,1
679,0.0,1,0.0,1,0.0,1,0.0,1,0.0,1,0.0,1,0.0,1,0.0,1
680,0.0,1,0.0,1,0.0,1,0.0,1,0.0,1,0.0,1,0.0,1,0.0,1
681,0.0,1,0.0,1,0.0,1,1.0,1,0.0,1,0.0,1,0.0,1,0.0,1
682,0.0,1,0.0,1,0.0,1,0.0,1,0.0,1,0.0,1,0.0,1,0.0,1
683,0.0,1,0.0,1,0.0,1,0.0,1,0.0,1,0.0,1,0.0,1,0.0,1
684,0.0,1,0.0,1,0.0,1,1.0,1,0.0,1,0.0,1,0.0,1,0.0,1
685,0.0,1,0.0,1,0.0,1,0.0,1,0.0,1,0.0,1,0.0,1,0.0,1
686,0.0,1,0.0,1,0.0,1,0.0,1,0.0,1,0.0,1,0.0,1,0.0,1
687,0.0,1,0.0,1,0.0,1,0.0,1,0.0,1,0.0,1,0.0,1,0.0,1
688,0.0,1,0.0,1,0.0,1,0.0,1,0.0,1,0.0,1,0.0,1,0.0,1
689,0.0,1,0.0,1,0.0,1,1.0,1,0.0,1,0.0,1,0.0,1,0.0,1
690,0.0,1,0.0,1,0.0,1,0.0,1,0.0,1,0.0,1,0.0,1,0.0,1
691,0.0,1,0.0,1,0.0,1,0.0,1,0.0,1,0.0,1,0.0,1,0.0,1
692,0.0,1,0.0,1,0.0,1,0.0,1,0.0,1,0.0,1,0.0,1,0.0,1
693,0.0,1,0.0,1,0.0,1,0.0,1,0.0,1,0.0,1,0.0,1,0.0,1
694,0.0,1,0.0,1,0.0,1,0.0,1,0.0,1,0.0,1,0.0,1,0.0,1
695,0.0,1,0.0,1,0.0,1,1.0,1,0.0,1,0.0,1,0.0,1,0.0,1
696,0.0,1,0.0,1,0.0,1,0.0,1,0.0,1,0.0,1,0.0,1,0.0,1
697,0.0,1,0.0,1,0.0,1,0.0,1,0.0,1,0.0,1,0.0,1,0.0,1
698,0.0,1,0.0,1,0.0,1,0.0,1,0.0,1,0.0,1,0.0,1,0.0,1
699,0.0,1,0.0,1,0.0,1,0.0,1,0.0,1,0.0,1,0.0,1,0.0,1
700,0.0,1,0.0,1,0.0,1,0.0,1,0.0,1,0.0,1,0.0,1,0.0,1
701,0.0,1,0.0,1,0.0,1,0.0,1,0.0,1,0.0,1,0.0,1,0.0,1
702,0.0,1,0.0,1,0.0,1,1.0,1,0.0,1,0.0,1,0.0,1,0.0,1
703,0.0,1,0.0,1,0.0,1,0.0,1,0.0,1,0.0,1,0.0,1,0.0,1
704,0.0,1,0.0,1,0.0,1,0.0,1,0.0,1,0.0,1,0.0,1,0.0,1
705,0.0,1,0.0,1,0.0,1,0.0,1,0.0,1,0.0,1,0.0,1,0.0,1
706,0.0,1,0.0,1,0.0,1,0.0,1,0.0,1,0.0,1,0.0,1,0.0,1
707,0.0,1,0.0,1,0.0,1,0.0,1,0.0,1,0.0,1,0.0,1,0.0,1
708,0.0,1,0.0,1,0.0,1,1.0,1,0.0,1,0.0,1,0.0,1,0.0,1
709,0.0,1,0.0,1,0.0,1,0.0,1,0.0,1,0.0,1,0.0,1,0.0,1
710,0.0,1,0.0,1,0.0,1,0.0,1,0.0,1,0.0,1,0.0,1,0.0,1
711,0.0,1,0.0,1,0.0,1,0.0,1,0.0,1,0.0,1,0.0,1,0.0,1
712,0.0,1,0.0,1,0.0,1,0.0,1,0.0,1,0.0,1,0.0,1,0.0,1
713,0.0,1,0.0,1,0.0,1,0.0,1,0.0,1,0.0,1,0.0,1,0.0,1
714,0.0,1,0.0,1,0.0,1,0.0,1,0.0,1,0.0,1,0.0,1,0.0,1
715,0.0,1,0.0,1,0.0,1,0.0,1,0.0,1,0.0,1,0.0,1,0.0,1
716,0.0,1,0.0,1,0.0,1,1.0,1,0.0,1,0.0,1,0.0,1,0.0,1
717,0.0,1,0.0,1,0.0,1,0.0,1,0.0,1,0.0,1,0.0,1,0.0,1
718,0.0,1,0.0,1,0.0,1,0.0,1,0.0,1,0.0,1,0.0,1,0.0,1
719,0.0,1,0.0,1,0.0,1,0.0,1,0.0,1,0.0,1,0.0,1,0.0,1
720,0.0,1,0.0,1,0.0,1,0.0,1,0.0,1,0.0,1,0.0,1,0.0,1
721,0.0,1,0.0,1,0.0,1,1.0,1,0.0,1,0.0,1,0.0,1,0.0,1
722,0.0,1,0.0,1,0.0,1,0.0,1,0.0,1,0.0,1,0.0,1,0.0,1
723,0.0,1,0.0,1,0.0,1,0.0,1,0.0,1,0.0,1,0.0,1,0.0,1
724,0.0,1,0.0,1,0.0,1,0.0,1,0.0,1,0.0,1,0.0,1,0.0,1
725,0.0,1,0.0,1,0.0,1,0.0,1,0.0,1,0.0,1,0.0,1,0.0,1
726,0.0,1,0.0,1,0.0,1,0.0,1,0.0,1,0.0,1,0.0,1,0.0,1
