user1,user2,user3,user4,user5,user6,user7,user8,user9
2022-05-10 02:59:32,2022-05-10 13:30:22,2022-05-09 22:52:41,2022-05-10 20:31:56,2022-05-12 17:36:57,2022-05-10 02:59:32,2022-05-10 14:37:33,2022-05-10 09:44:15,2022-05-10 01:52:41
2022-05-10 18:53:27,2022-05-10 15:33:29,2022-05-10 10:17:04,2022-05-11 00:15:54,2022-05-12 22:16:11,2022-05-10 18:53:27,2022-05-10 16:15:50,2022-05-10 11:55:14,2022-05-10 13:15:18
2022-05-10 21:20:44,2022-05-10 17:27:59,2022-05-10 11:57:32,2022-05-16 18:55:22,2022-05-13 16:35:30,2022-05-10 21:20:44,2022-05-10 20:50:39,2022-05-10 17:27:55,2022-05-10 16:00:18
2022-05-11 00:37:42,2022-05-10 20:34:22,2022-05-10 18:41:42,2022-05-16 19:10:25,2022-05-13 22:10:18,2022-05-11 00:37:42,2022-05-11 00:01:02,2022-05-10 17:31:33,2022-05-10 17:26:39
2022-05-11 02:59:38,2022-05-10 21:23:26,2022-05-10 19:57:13,2022-05-16 22:33:52,2022-05-14 11:30:21,2022-05-11 02:59:38,2022-05-11 01:49:44,2022-05-10 19:55:12,2022-05-10 17:53:05
2022-05-11 17:17:21,2022-05-11 13:09:07,2022-05-10 22:51:00,2022-05-17 15:03:13,2022-05-14 12:01:47,2022-05-11 17:17:21,2022-05-11 07:39:44,2022-05-11 12:02:39,2022-05-11 00:02:10
2022-05-11 21:27:01,2022-05-11 13:49:05,2022-05-11 09:16:00,2022-05-19 07:52:21,2022-05-14 12:35:29,2022-05-11 21:27:01,2022-05-11 22:46:52,2022-05-12 12:11:28,2022-05-11 11:35:29
2022-05-11 23:10:21,2022-05-13 12:28:55,2022-05-11 13:02:20,2022-05-23 20:11:17,2022-05-15 23:24:49,2022-05-11 23:10:21,2022-05-12 16:40:14,2022-05-12 13:33:45,2022-05-11 13:47:16
2022-05-12 00:04:25,2022-05-13 14:35:05,2022-05-12 10:12:25,2022-05-23 23:38:03,2022-05-16 09:38:28,2022-05-12 00:04:25,2022-05-13 01:36:37,2022-05-12 16:46:17,2022-05-11 16:54:38
2022-05-12 12:48:13,2022-05-13 19:55:57,2022-05-12 18:01:19,2022-05-24 19:07:52,2022-05-16 11:24:19,2022-05-12 12:48:13,2022-05-13 09:25:44,2022-05-13 09:33:03,2022-05-11 17:23:50
2022-05-12 14:10:50,2022-05-14 00:16:26,2022-05-12 23:17:52,2022-05-24 20:52:41,2022-05-16 23:19:58,2022-05-12 14:10:50,2022-05-13 13:37:26,2022-05-13 12:16:48,2022-05-12 12:14:23
2022-05-12 18:10:10,2022-05-14 11:36:55,2022-05-16 19:55:12,2022-05-24 21:10:52,2022-05-18 19:25:31,2022-05-12 18:10:10,2022-05-13 16:51:04,2022-05-13 18:17:16,2022-05-12 14:27:26
2022-05-12 21:09:19,2022-05-14 12:07:17,2022-05-16 22:17:16,2022-05-24 21:20:46,2022-05-18 20:30:58,2022-05-12 21:09:19,2022-05-13 22:28:39,2022-05-13 20:14:36,2022-05-12 16:44:10
2022-05-13 13:20:21,2022-05-14 13:21:37,2022-05-16 23:44:22,2022-05-24 22:46:00,2022-05-18 21:09:20,2022-05-13 13:20:21,2022-05-14 09:23:07,2022-05-14 10:28:40,2022-05-12 17:57:49
2022-05-13 17:05:29,2022-05-14 16:02:30,2022-05-17 08:44:21,2022-05-24 23:21:28,2022-05-19 20:02:54,2022-05-13 17:05:29,2022-05-14 10:54:25,2022-05-14 18:19:22,2022-05-12 19:32:46
2022-05-14 11:08:15,2022-05-14 20:07:42,2022-05-17 09:06:41,2022-05-25 14:18:24,2022-05-20 15:47:25,2022-05-14 11:08:15,2022-05-14 18:33:46,2022-05-14 19:04:33,2022-05-12 22:46:45
2022-05-14 14:16:34,2022-05-14 23:45:00,2022-05-17 12:08:19,2022-05-25 20:34:05,2022-05-20 22:09:26,2022-05-14 14:16:34,2022-05-14 20:43:33,2022-05-15 10:11:11,2022-05-13 08:13:59
2022-05-14 18:23:16,2022-05-15 11:45:22,2022-05-17 15:12:28,2022-05-25 23:30:11,2022-05-21 11:10:33,2022-05-14 18:23:16,2022-05-14 22:03:31,2022-05-15 11:52:31,2022-05-13 17:59:23
2022-05-14 18:50:04,2022-05-15 15:59:41,2022-05-18 13:15:21,2022-05-26 21:00:05,2022-05-21 11:33:13,2022-05-14 18:50:04,2022-05-15 09:46:22,2022-05-15 13:30:29,2022-05-13 18:52:06
2022-05-14 21:27:14,2022-05-15 20:49:16,2022-05-18 18:18:55,2022-05-26 22:05:36,2022-05-21 22:29:54,2022-05-14 21:27:14,2022-05-15 13:59:22,2022-05-15 19:47:09,2022-05-13 20:03:20
2022-05-15 12:04:19,2022-05-15 21:29:45,2022-05-18 18:55:53,2022-05-26 23:49:57,2022-05-21 23:25:56,2022-05-15 12:04:19,2022-05-15 16:39:26,2022-05-15 23:49:50,2022-05-13 22:09:30
2022-05-15 14:13:30,2022-05-15 21:36:53,2022-05-20 19:34:07,2022-05-27 17:07:49,2022-05-21 23:50:05,2022-05-15 14:13:30,2022-05-15 22:10:36,2022-05-16 11:05:29,2022-05-13 23:33:15
2022-05-15 20:02:03,2022-05-15 21:47:52,2022-05-21 11:13:06,2022-05-27 19:13:34,2022-05-22 10:16:49,2022-05-15 20:02:03,2022-05-16 00:03:54,2022-05-16 17:36:22,2022-05-14 10:36:35
2022-05-16 01:48:30,2022-05-15 22:09:12,2022-05-21 17:42:13,2022-05-27 20:53:31,2022-05-22 11:54:03,2022-05-16 01:48:30,2022-05-16 01:59:53,2022-05-16 20:03:50,2022-05-14 12:18:57
2022-05-16 02:51:51,2022-05-15 23:33:59,2022-05-22 13:29:31,2022-05-27 23:59:52,2022-05-22 13:52:43,2022-05-16 02:51:51,2022-05-16 03:00:19,2022-05-17 10:13:02,2022-05-14 13:34:30
2022-05-16 08:12:14,2022-05-16 00:02:28,2022-05-22 14:20:48,2022-05-28 15:17:05,2022-05-22 15:11:11,2022-05-16 08:12:14,2022-05-16 10:49:12,2022-05-17 19:35:41,2022-05-14 15:58:24
2022-05-16 10:38:29,2022-05-16 11:43:14,2022-05-22 19:29:49,2022-05-28 15:32:30,2022-05-22 19:43:59,2022-05-16 10:38:29,2022-05-16 15:28:53,2022-05-18 14:43:59,2022-05-14 16:59:16
2022-05-16 11:46:41,2022-05-16 14:34:23,2022-05-22 23:51:27,2022-05-29 11:15:44,2022-05-23 14:34:34,2022-05-16 11:46:41,2022-05-16 17:19:10,2022-05-18 18:50:33,2022-05-14 19:19:58
2022-05-16 13:23:00,2022-05-16 15:58:17,2022-05-23 13:06:45,2022-05-29 13:32:38,2022-05-24 22:48:49,2022-05-16 13:23:00,2022-05-16 21:58:19,2022-05-18 20:22:49,2022-05-14 21:13:50
2022-05-16 13:52:23,2022-05-16 19:57:10,2022-05-23 17:04:21,2022-05-29 16:47:13,2022-05-25 10:59:15,2022-05-16 13:52:23,2022-05-17 01:46:33,2022-05-19 18:48:45,2022-05-15 00:01:44
2022-05-16 16:10:31,2022-05-18 21:45:26,2022-05-23 18:35:20,2022-05-29 20:27:39,2022-05-25 12:59:39,2022-05-16 16:10:31,2022-05-17 09:20:54,2022-05-19 20:23:21,2022-05-15 11:11:20
2022-05-16 16:25:18,2022-05-19 00:26:59,2022-05-23 20:59:04,2022-05-29 21:53:23,2022-05-25 23:07:12,2022-05-16 16:25:18,2022-05-17 09:23:59,2022-05-20 17:10:52,2022-05-15 14:22:07
2022-05-16 19:23:56,2022-05-19 00:59:31,2022-05-23 22:35:24,2022-05-29 22:35:05,2022-05-26 00:36:46,2022-05-16 19:23:56,2022-05-17 10:12:40,2022-05-21 10:04:23,2022-05-15 23:12:23
2022-05-16 19:50:22,2022-05-19 15:07:34,2022-05-24 09:14:11,2022-05-30 09:23:10,2022-05-26 10:14:38,2022-05-16 19:50:22,2022-05-17 14:14:04,2022-05-21 18:37:01,2022-05-16 13:25:32
2022-05-16 22:10:17,2022-05-20 14:35:23,2022-05-24 12:51:38,2022-05-30 10:21:42,2022-05-26 14:44:19,2022-05-16 22:10:17,2022-05-17 15:51:19,2022-05-21 19:30:31,2022-05-16 14:15:07
2022-05-16 22:31:40,2022-05-20 19:46:36,2022-05-24 19:14:36,2022-05-30 13:20:21,2022-05-26 23:16:53,2022-05-16 22:31:40,2022-05-17 17:25:58,2022-05-22 10:57:40,2022-05-16 15:44:29
2022-05-16 22:44:17,2022-05-20 21:51:49,2022-05-25 16:03:56,2022-05-30 14:58:48,2022-05-27 10:58:32,2022-05-16 22:44:17,2022-05-17 19:09:07,2022-05-22 17:13:01,2022-05-16 23:15:02
2022-05-16 23:56:10,2022-05-20 22:04:14,2022-05-25 17:50:48,2022-05-30 17:33:47,2022-05-27 14:13:14,2022-05-16 23:56:10,2022-05-18 22:25:51,2022-05-22 19:21:11,2022-05-16 23:46:23
2022-05-17 01:22:15,2022-05-20 22:25:28,2022-05-25 19:16:33,2022-05-30 22:54:51,2022-05-29 14:40:31,2022-05-17 01:22:15,2022-05-19 15:30:15,2022-05-23 10:02:46,2022-05-18 18:18:03
2022-05-17 08:36:52,2022-05-20 23:03:04,2022-05-25 23:39:14,2022-05-30 23:29:30,2022-05-29 23:57:07,2022-05-17 08:36:52,2022-05-19 18:38:08,2022-05-23 18:31:59,2022-05-19 00:56:40
2022-05-17 09:19:53,2022-05-20 23:11:29,2022-05-26 12:49:21,2022-05-31 00:09:27,2022-05-30 10:29:03,2022-05-17 09:19:53,2022-05-19 18:44:04,2022-05-24 17:54:13,2022-05-19 19:39:53
2022-05-17 13:57:54,2022-05-21 00:13:23,2022-05-26 19:35:09,2022-05-31 00:49:43,2022-05-30 11:14:19,2022-05-17 13:57:54,2022-05-20 22:30:31,2022-05-24 20:18:15,2022-05-20 17:21:20
2022-05-17 17:50:13,2022-05-21 00:19:39,2022-05-27 21:46:57,2022-05-31 07:44:14,2022-05-30 21:37:06,2022-05-17 17:50:13,2022-05-21 00:44:48,2022-05-24 21:46:44,2022-05-20 23:19:24
2022-05-17 19:10:31,2022-05-21 01:03:39,2022-05-28 00:07:08,2022-05-31 08:59:29,2022-05-30 22:38:04,2022-05-17 19:10:31,2022-05-21 10:14:59,2022-05-25 09:33:37,2022-05-21 01:07:21
2022-05-18 23:49:40,2022-05-21 01:13:31,2022-05-28 13:36:57,2022-05-31 10:45:33,2022-05-31 13:31:40,2022-05-18 23:49:40,2022-05-21 14:41:03,2022-05-25 18:09:54,2022-05-21 11:09:25
2022-05-19 00:56:29,2022-05-21 01:15:54,2022-05-28 17:48:23,2022-05-31 13:49:10,2022-05-31 19:55:41,2022-05-19 00:56:29,2022-05-21 17:32:29,2022-05-25 21:29:59,2022-05-21 15:47:43
2022-05-19 18:12:00,2022-05-21 01:21:59,2022-05-29 11:02:02,2022-05-31 20:44:33,2022-05-31 20:56:06,2022-05-19 18:12:00,2022-05-21 19:10:32,2022-05-26 17:56:24,2022-05-21 21:42:48
2022-05-19 19:57:09,2022-05-21 01:23:21,2022-05-29 18:35:52,2022-05-31 22:52:47,2022-05-31 22:29:42,2022-05-19 19:57:09,2022-05-21 22:38:23,2022-05-26 19:43:16,2022-05-22 02:47:48
2022-05-20 20:23:34,2022-05-21 01:28:45,2022-05-30 10:46:45,2022-05-31 23:39:54,2022-06-01 08:11:50,2022-05-20 20:23:34,2022-05-22 04:03:21,2022-05-27 09:46:08,2022-05-22 10:12:18
2022-05-20 22:39:48,2022-05-21 01:31:51,2022-05-31 10:33:19,2022-06-01 01:48:49,2022-06-01 09:33:49,2022-05-20 22:39:48,2022-05-22 16:28:40,2022-05-27 21:29:05,2022-05-22 18:22:27
2022-05-21 00:56:45,2022-05-21 01:35:01,2022-05-31 14:13:35,2022-06-01 08:59:14,2022-06-01 10:33:09,2022-05-21 00:56:45,2022-05-22 21:50:59,2022-05-27 22:39:32,2022-05-22 19:44:03
2022-05-21 10:56:46,2022-05-21 10:24:36,2022-05-31 17:58:00,2022-06-01 13:30:32,2022-06-01 10:50:40,2022-05-21 10:56:46,2022-05-23 17:45:34,2022-05-28 10:04:17,2022-05-23 00:56:47
2022-05-21 12:15:39,2022-05-21 12:50:08,2022-05-31 22:18:45,2022-06-01 15:03:24,2022-06-01 11:58:58,2022-05-21 12:15:39,2022-05-24 12:13:37,2022-05-28 18:07:21,2022-05-23 22:15:11
2022-05-21 21:56:03,2022-05-21 13:37:41,2022-06-01 12:06:59,2022-06-01 21:14:25,2022-06-01 19:50:58,2022-05-21 21:56:03,2022-05-24 15:40:32,2022-05-29 10:26:28,2022-05-24 00:00:33
2022-05-21 22:59:07,2022-05-21 18:01:20,2022-06-01 12:22:10,2022-06-01 21:26:51,2022-06-02 13:24:45,2022-05-21 22:59:07,2022-05-24 23:59:25,2022-05-29 12:50:29,2022-05-24 01:11:23
2022-05-22 15:32:25,2022-05-21 21:32:44,2022-06-01 17:58:52,2022-06-02 00:57:23,2022-06-02 13:39:00,2022-05-22 15:32:25,2022-05-25 02:52:37,2022-05-29 17:55:26,2022-05-24 09:53:04
2022-05-22 18:31:00,2022-05-21 22:00:09,2022-06-01 19:45:27,2022-06-02 02:17:21,2022-06-02 22:43:37,2022-05-22 18:31:00,2022-05-25 15:13:22,2022-05-29 19:43:04,2022-05-25 02:27:32
2022-05-23 01:40:39,2022-05-21 23:22:21,2022-06-01 21:04:49,2022-06-02 02:42:25,2022-06-03 14:17:52,2022-05-23 01:40:39,2022-05-26 09:39:03,2022-05-30 09:25:02,2022-05-25 19:39:35
2022-05-23 14:02:44,2022-05-22 01:44:23,2022-06-02 10:31:31,2022-06-02 11:42:56,2022-06-03 19:03:33,2022-05-23 14:02:44,2022-05-26 12:07:52,2022-05-30 18:27:56,2022-05-26 21:30:56
2022-05-23 17:44:39,2022-05-22 13:27:22,2022-06-02 12:06:34,2022-06-02 15:36:43,2022-06-03 20:36:33,2022-05-23 17:44:39,2022-05-26 17:57:33,2022-05-30 20:04:12,2022-05-27 01:29:48
2022-05-23 18:18:08,2022-05-22 20:42:44,2022-06-02 14:21:50,2022-06-02 23:21:30,2022-06-03 23:47:49,2022-05-23 18:18:08,2022-05-28 13:58:46,2022-05-31 17:52:01,2022-05-27 22:10:48
2022-05-23 21:23:21,2022-05-22 20:58:14,2022-06-02 16:00:11,2022-06-03 00:46:04,2022-06-04 10:43:14,2022-05-23 21:23:21,2022-05-28 17:37:59,2022-05-31 20:52:00,2022-05-28 01:23:46
2022-05-23 22:25:23,2022-05-22 21:50:58,2022-06-02 18:26:26,2022-06-03 10:07:07,2022-06-04 14:38:31,2022-05-23 22:25:23,2022-05-29 21:33:28,2022-06-01 13:24:16,2022-05-28 09:28:00
2022-05-23 23:26:15,2022-05-23 00:48:46,2022-06-02 18:34:18,2022-06-03 18:03:03,2022-06-04 15:19:16,2022-05-23 23:26:15,2022-05-30 17:45:55,2022-06-01 21:33:34,2022-05-28 13:45:22
2022-05-24 00:14:43,2022-05-23 14:14:00,2022-06-03 09:06:14,2022-06-03 21:18:54,2022-06-04 16:17:48,2022-05-24 00:14:43,2022-05-30 19:30:41,2022-06-02 17:40:03,2022-05-28 17:35:13
2022-05-24 01:03:08,2022-05-23 18:06:53,2022-06-03 14:05:03,2022-06-03 22:59:42,2022-06-04 20:28:07,2022-05-24 01:03:08,2022-05-31 00:02:44,2022-06-03 14:02:34,2022-05-28 23:00:05
2022-05-24 13:46:27,2022-05-23 18:10:50,2022-06-03 18:40:06,2022-06-04 00:47:17,2022-06-05 00:21:38,2022-05-24 13:46:27,2022-05-31 01:22:53,2022-06-03 16:32:54,2022-05-29 01:16:51
2022-05-24 15:37:19,2022-05-23 20:09:04,2022-06-04 10:48:38,2022-06-04 15:34:08,2022-06-05 00:56:21,2022-05-24 15:37:19,2022-05-31 10:52:01,2022-06-04 11:13:21,2022-05-29 09:51:55
2022-05-24 19:45:26,2022-05-23 22:50:54,2022-06-04 20:32:35,2022-06-04 17:00:09,2022-06-05 09:54:14,2022-05-24 19:45:26,2022-05-31 15:58:23,2022-06-04 20:05:48,2022-05-29 14:31:47
2022-05-24 21:39:18,2022-05-23 23:06:29,2022-06-05 11:40:50,2022-06-04 18:34:21,2022-06-05 11:10:17,2022-05-24 21:39:18,2022-05-31 22:59:23,2022-06-05 09:54:48,2022-05-29 17:34:19
2022-05-25 14:06:02,2022-05-24 00:01:34,2022-06-05 12:11:46,2022-06-04 20:12:08,2022-06-05 14:14:46,2022-05-25 14:06:02,2022-06-01 05:53:51,2022-06-05 20:13:34,2022-05-30 00:48:36
2022-05-25 20:48:41,2022-05-24 00:13:53,2022-06-05 13:44:53,2022-06-05 00:03:24,2022-06-05 19:50:04,2022-05-25 20:48:41,2022-06-01 08:18:00,2022-06-05 23:58:32,2022-05-30 08:14:11
2022-05-25 22:04:41,2022-05-24 14:25:49,2022-06-05 17:58:42,2022-06-05 01:40:40,2022-06-05 21:18:37,2022-05-25 22:04:41,2022-06-01 10:30:07,2022-06-06 12:54:04,2022-05-30 14:03:53
2022-05-26 21:45:20,2022-05-24 20:39:27,2022-06-05 18:56:07,2022-06-05 11:42:22,2022-06-06 00:23:59,2022-05-26 21:45:20,2022-06-01 10:58:31,2022-06-06 18:05:28,2022-05-30 14:35:09
2022-05-27 08:33:03,2022-05-24 22:01:23,2022-06-05 22:25:59,2022-06-05 14:44:05,2022-06-06 13:49:46,2022-05-27 08:33:03,2022-06-01 14:28:33,2022-06-07 13:53:40,2022-05-30 20:44:39
2022-05-27 11:02:57,2022-05-25 20:45:20,2022-06-06 10:48:39,2022-06-05 15:35:35,2022-06-06 17:33:41,2022-05-27 11:02:57,2022-06-01 23:34:32,2022-06-07 17:24:09,2022-05-30 21:37:13
2022-05-27 20:49:12,2022-05-26 00:34:14,2022-06-06 13:07:31,2022-06-05 19:55:06,2022-06-06 20:32:22,2022-05-27 20:49:12,2022-06-02 02:14:52,2022-06-08 10:33:10,2022-05-30 22:38:27
2022-05-27 21:52:20,2022-05-26 01:08:03,2022-06-06 16:59:57,2022-06-05 20:05:49,2022-06-07 15:46:14,2022-05-27 21:52:20,2022-06-02 09:36:46,2022-06-08 12:03:35,2022-05-31 00:23:06
2022-05-27 23:35:02,2022-05-26 21:35:23,2022-06-06 21:15:02,2022-06-06 01:33:02,2022-06-07 21:53:28,2022-05-27 23:35:02,2022-06-02 11:51:46,2022-06-08 18:58:41,2022-05-31 00:28:35
2022-05-28 12:26:29,2022-05-27 01:02:06,2022-06-07 09:20:10,2022-06-06 02:55:20,2022-06-08 02:16:17,2022-05-28 12:26:29,2022-06-02 15:45:23,2022-06-09 17:22:45,2022-05-31 01:12:12
2022-05-28 13:29:29,2022-05-27 22:18:42,2022-06-07 13:00:57,2022-06-06 12:31:56,2022-06-08 10:17:47,2022-05-28 13:29:29,2022-06-02 20:43:24,2022-06-09 19:19:47,2022-05-31 08:58:35
2022-05-28 19:52:33,2022-05-28 00:09:22,2022-06-07 17:59:14,2022-06-06 14:29:49,2022-06-08 11:08:33,2022-05-28 19:52:33,2022-06-03 02:04:50,2022-06-09 19:57:18,2022-05-31 14:20:09
2022-05-28 22:17:49,2022-05-28 13:04:56,2022-06-07 21:23:07,2022-06-06 17:44:31,2022-06-08 13:46:44,2022-05-28 22:17:49,2022-06-03 19:15:22,2022-06-10 11:44:54,2022-05-31 21:11:22
2022-05-29 09:40:51,2022-05-28 16:19:27,2022-06-08 13:52:22,2022-06-06 18:37:20,2022-06-08 20:32:48,2022-05-29 09:40:51,2022-06-04 22:06:25,2022-06-10 18:45:19,2022-06-01 16:29:03
2022-05-29 15:13:58,2022-05-28 16:24:15,2022-06-08 22:36:33,2022-06-06 19:56:40,2022-06-09 09:55:17,2022-05-29 15:13:58,2022-06-05 02:24:23,2022-06-11 11:50:36,2022-06-01 20:08:12
2022-05-29 17:46:38,2022-05-28 19:12:50,2022-06-09 08:31:45,2022-06-06 21:19:50,2022-06-09 21:49:15,2022-05-29 17:46:38,2022-06-05 11:24:20,2022-06-11 15:34:35,2022-06-02 01:45:30
2022-05-29 21:47:34,2022-05-28 22:00:54,2022-06-09 12:21:29,2022-06-07 00:47:55,2022-06-10 01:15:51,2022-05-29 21:47:34,2022-06-05 12:58:03,2022-06-11 20:38:15,2022-06-02 17:51:39
2022-05-30 16:10:02,2022-05-29 10:05:41,2022-06-09 17:15:50,2022-06-07 10:37:49,2022-06-10 18:35:22,2022-05-30 16:10:02,2022-06-05 13:58:30,2022-06-12 11:59:26,2022-06-02 21:16:35
2022-05-30 19:49:07,2022-05-29 14:07:23,2022-06-09 17:53:12,2022-06-07 11:25:50,2022-06-10 22:41:46,2022-05-30 19:49:07,2022-06-05 16:54:57,2022-06-12 13:42:22,2022-06-03 09:13:08
2022-05-30 20:23:37,2022-05-29 16:07:14,2022-06-09 18:48:51,2022-06-07 12:19:06,2022-06-11 01:13:07,2022-05-30 20:23:37,2022-06-05 18:01:26,2022-06-12 19:24:58,2022-06-03 14:05:06
2022-05-30 21:25:33,2022-05-29 21:24:00,2022-06-09 20:09:16,2022-06-07 13:19:52,2022-06-11 13:37:05,2022-05-30 21:25:33,2022-06-05 21:50:11,2022-06-12 20:35:08,2022-06-03 17:54:29
2022-05-31 07:43:43,2022-05-30 00:36:00,2022-06-09 20:27:49,2022-06-07 15:03:06,2022-06-11 14:28:50,2022-05-31 07:43:43,2022-06-05 23:45:31,2022-06-12 22:55:21,2022-06-03 23:42:53
2022-05-31 08:59:27,2022-05-31 23:27:42,2022-06-09 23:19:26,2022-06-07 15:25:01,2022-06-11 15:05:17,2022-05-31 08:59:27,2022-06-06 10:47:24,2022-06-13 13:36:52,2022-06-04 10:02:23
2022-05-31 12:47:26,2022-06-01 00:30:06,2022-06-10 13:48:13,2022-06-07 17:04:37,2022-06-11 17:42:11,2022-05-31 12:47:26,2022-06-06 23:15:07,2022-06-13 17:47:43,2022-06-04 14:54:05
2022-05-31 13:21:06,2022-06-01 20:13:28,2022-06-10 17:06:46,2022-06-07 18:19:54,2022-06-11 23:32:10,2022-05-31 13:21:06,2022-06-07 01:02:10,2022-06-13 19:05:55,2022-06-05 10:19:38
2022-05-31 13:42:26,2022-06-02 20:16:15,2022-06-10 19:15:16,2022-06-07 19:16:41,2022-06-12 11:10:35,2022-05-31 13:42:26,2022-06-07 10:22:12,2022-06-13 21:07:17,2022-06-05 17:17:29
2022-05-31 17:44:05,2022-06-02 20:35:17,2022-06-11 08:20:58,2022-06-07 22:18:18,2022-06-12 13:19:51,2022-05-31 17:44:05,2022-06-07 12:06:30,2022-06-13 21:56:26,2022-06-06 09:14:30
2022-05-31 18:40:19,2022-06-02 20:58:55,2022-06-11 10:49:09,2022-06-07 23:00:31,2022-06-12 16:29:55,2022-05-31 18:40:19,2022-06-07 14:04:21,2022-06-14 17:45:18,2022-06-06 19:01:52
2022-05-31 19:05:12,2022-06-02 21:36:30,2022-06-11 20:47:05,2022-06-07 23:03:04,2022-06-12 18:01:59,2022-05-31 19:05:12,2022-06-07 16:21:10,2022-06-14 18:18:59,2022-06-06 22:52:14
2022-05-31 22:07:24,2022-06-03 00:44:29,2022-06-12 10:37:33,2022-06-08 02:13:06,2022-06-12 18:50:15,2022-05-31 22:07:24,2022-06-07 22:48:37,2022-06-14 22:58:41,2022-06-07 10:04:44
2022-06-01 19:43:37,2022-06-03 01:14:28,2022-06-12 14:09:56,2022-06-08 14:17:31,2022-06-12 19:35:07,2022-06-01 19:43:37,2022-06-08 00:57:54,2022-06-15 11:52:43,2022-06-07 19:33:27
2022-06-01 21:32:09,2022-06-03 08:15:47,2022-06-12 19:46:03,2022-06-08 15:39:12,2022-06-12 21:47:35,2022-06-01 21:32:09,2022-06-08 12:18:49,2022-06-15 18:28:49,2022-06-08 00:03:50
2022-06-01 23:55:42,2022-06-03 20:27:53,2022-06-12 22:16:24,2022-06-08 17:18:59,2022-06-13 00:06:18,2022-06-01 23:55:42,2022-06-08 13:32:06,2022-06-16 08:10:58,2022-06-08 01:15:25
2022-06-02 11:50:58,2022-06-03 21:31:10,2022-06-13 13:14:46,2022-06-08 19:00:47,2022-06-13 18:27:02,2022-06-02 11:50:58,2022-06-08 16:12:10,2022-06-17 17:35:16,2022-06-08 09:17:26
2022-06-02 20:07:59,2022-06-03 21:36:06,2022-06-13 16:39:42,2022-06-08 20:59:43,2022-06-13 22:34:05,2022-06-02 20:07:59,2022-06-08 19:53:42,2022-06-17 18:27:44,2022-06-08 14:59:29
2022-06-02 21:19:57,2022-06-04 00:49:08,2022-06-13 18:03:25,2022-06-08 21:01:12,2022-06-14 01:27:04,2022-06-02 21:19:57,2022-06-08 22:25:07,2022-06-17 20:14:14,2022-06-08 17:07:27
2022-06-03 00:36:23,2022-06-04 18:45:46,2022-06-13 21:59:23,2022-06-08 22:41:01,2022-06-14 11:34:45,2022-06-03 00:36:23,2022-06-09 00:13:56,2022-06-17 20:19:31,2022-06-08 19:43:54
2022-06-03 07:34:09,2022-06-04 20:31:03,2022-06-13 23:07:56,2022-06-09 02:19:25,2022-06-14 13:17:25,2022-06-03 07:34:09,2022-06-09 12:30:51,2022-06-17 20:24:11,2022-06-08 21:47:29
2022-06-03 19:19:58,2022-06-05 12:04:15,2022-06-14 12:45:53,2022-06-09 10:31:34,2022-06-14 18:40:06,2022-06-03 19:19:58,2022-06-09 14:44:40,2022-06-17 23:30:00,2022-06-08 22:41:12
2022-06-03 19:50:17,2022-06-05 12:15:31,2022-06-14 17:27:51,2022-06-09 19:22:37,2022-06-14 18:46:07,2022-06-03 19:50:17,2022-06-09 17:02:50,2022-06-18 13:02:30,2022-06-09 01:25:22
2022-06-03 22:17:36,2022-06-05 19:35:31,2022-06-14 18:59:41,2022-06-09 22:28:53,2022-06-15 00:27:11,2022-06-03 22:17:36,2022-06-09 19:26:38,2022-06-18 17:09:48,2022-06-09 10:09:18
2022-06-04 00:20:42,2022-06-05 20:52:44,2022-06-14 19:24:44,2022-06-10 08:03:13,2022-06-15 19:47:31,2022-06-04 00:20:42,2022-06-09 21:30:00,2022-06-18 18:07:35,2022-06-09 16:18:36
2022-06-04 10:19:20,2022-06-05 21:37:33,2022-06-14 20:46:18,2022-06-10 08:45:25,2022-06-15 22:29:08,2022-06-04 10:19:20,2022-06-10 01:55:44,2022-06-18 19:38:11,2022-06-09 19:12:12
2022-06-04 16:29:56,2022-06-06 00:22:23,2022-06-15 12:36:02,2022-06-10 11:22:19,2022-06-16 15:02:53,2022-06-04 16:29:56,2022-06-10 02:37:03,2022-06-18 20:57:44,2022-06-10 09:10:05
2022-06-04 22:03:11,2022-06-06 22:23:02,2022-06-15 16:17:04,2022-06-10 14:38:09,2022-06-16 20:06:46,2022-06-04 22:03:11,2022-06-10 14:21:44,2022-06-19 11:46:51,2022-06-10 14:14:16
2022-06-05 18:57:53,2022-06-06 22:50:08,2022-06-15 17:20:05,2022-06-10 17:13:39,2022-06-16 21:29:25,2022-06-05 18:57:53,2022-06-10 18:19:22,2022-06-19 17:30:36,2022-06-10 17:57:50
2022-06-05 19:43:22,2022-06-06 23:19:08,2022-06-15 22:27:20,2022-06-10 21:40:36,2022-06-17 21:49:07,2022-06-05 19:43:22,2022-06-11 00:19:50,2022-06-20 13:49:26,2022-06-10 21:34:36
2022-06-05 20:50:15,2022-06-07 20:35:26,2022-06-16 13:03:18,2022-06-11 01:03:45,2022-06-18 00:57:48,2022-06-05 20:50:15,2022-06-11 12:37:55,2022-06-20 17:27:46,2022-06-11 09:04:11
2022-06-05 22:10:14,2022-06-07 20:42:00,2022-06-16 15:03:41,2022-06-11 01:04:29,2022-06-18 18:14:38,2022-06-05 22:10:14,2022-06-11 14:47:00,2022-06-20 22:40:29,2022-06-11 10:26:07
2022-06-06 23:28:25,2022-06-07 23:26:45,2022-06-16 18:18:47,2022-06-11 02:17:34,2022-06-18 18:29:26,2022-06-06 23:28:25,2022-06-11 18:47:06,2022-06-21 14:44:49,2022-06-11 14:35:55
2022-06-07 10:24:11,2022-06-08 14:08:08,2022-06-16 22:45:45,2022-06-11 11:12:13,2022-06-19 20:41:53,2022-06-07 10:24:11,2022-06-12 00:44:24,2022-06-21 15:13:13,2022-06-11 22:21:31
2022-06-07 14:42:09,2022-06-08 16:49:36,2022-06-17 08:56:42,2022-06-11 13:53:09,2022-06-20 19:07:06,2022-06-07 14:42:09,2022-06-12 02:19:39,2022-06-21 15:54:32,2022-06-11 23:08:02
2022-06-07 16:35:18,2022-06-08 21:50:39,2022-06-17 12:03:08,2022-06-11 14:49:05,2022-06-20 23:40:54,2022-06-07 16:35:18,2022-06-12 11:41:10,2022-06-21 16:18:02,2022-06-12 11:02:39
2022-06-07 17:28:57,2022-06-08 22:49:57,2022-06-17 15:43:13,2022-06-11 20:16:51,2022-06-21 10:44:15,2022-06-07 17:28:57,2022-06-12 14:00:28,2022-06-21 18:02:29,2022-06-12 13:45:41
2022-06-07 19:21:54,2022-06-09 12:40:31,2022-06-17 18:09:28,2022-06-11 20:46:33,2022-06-21 16:37:58,2022-06-07 19:21:54,2022-06-12 14:10:12,2022-06-21 19:16:01,2022-06-12 15:48:27
2022-06-07 21:26:31,2022-06-09 22:59:25,2022-06-18 10:06:02,2022-06-11 22:45:22,2022-06-21 19:54:57,2022-06-07 21:26:31,2022-06-13 00:05:33,2022-06-21 19:45:56,2022-06-12 22:04:00
2022-06-08 00:21:42,2022-06-09 23:15:10,2022-06-18 16:13:50,2022-06-11 23:11:36,2022-06-21 22:08:32,2022-06-08 00:21:42,2022-06-13 02:10:43,2022-06-21 21:31:32,2022-06-13 10:29:15
2022-06-08 13:46:01,2022-06-09 23:54:08,2022-06-18 17:48:17,2022-06-12 02:45:07,2022-06-21 23:35:13,2022-06-08 13:46:01,2022-06-13 19:45:39,2022-06-22 11:42:58,2022-06-13 14:11:00
2022-06-08 19:31:00,2022-06-10 18:16:53,2022-06-19 10:31:19,2022-06-12 12:30:39,2022-06-22 08:11:56,2022-06-08 19:31:00,2022-06-14 01:43:37,2022-06-22 17:52:30,2022-06-13 18:11:02
2022-06-08 21:44:19,2022-06-10 19:38:00,2022-06-19 20:08:20,2022-06-12 15:34:51,2022-06-22 13:36:05,2022-06-08 21:44:19,2022-06-14 14:42:48,2022-06-23 14:10:50,2022-06-13 22:35:08
2022-06-09 09:05:03,2022-06-10 19:40:45,2022-06-20 13:31:40,2022-06-12 15:35:02,2022-06-22 15:53:55,2022-06-09 09:05:03,2022-06-14 15:06:27,2022-06-24 11:37:25,2022-06-14 10:18:04
2022-06-09 21:02:06,2022-06-10 21:28:26,2022-06-20 18:44:35,2022-06-12 19:49:33,2022-06-22 20:21:57,2022-06-09 21:02:06,2022-06-15 04:21:24,2022-06-24 16:40:32,2022-06-14 13:21:43
2022-06-10 00:11:10,2022-06-11 11:28:14,2022-06-21 13:53:37,2022-06-12 21:22:00,2022-06-22 21:47:39,2022-06-10 00:11:10,2022-06-15 11:13:06,2022-06-24 17:38:42,2022-06-14 19:46:33
2022-06-10 10:17:15,2022-06-11 14:04:25,2022-06-21 16:51:02,2022-06-12 22:55:21,2022-06-22 23:02:28,2022-06-10 10:17:15,2022-06-15 13:04:16,2022-06-24 22:41:15,2022-06-15 13:09:45
2022-06-10 14:20:13,2022-06-11 15:03:50,2022-06-22 00:09:55,2022-06-12 22:55:57,2022-06-23 14:09:00,2022-06-10 14:20:13,2022-06-15 14:24:04,2022-06-25 15:11:18,2022-06-15 18:30:51
2022-06-10 19:24:58,2022-06-12 10:48:41,2022-06-22 17:24:28,2022-06-13 00:23:04,2022-06-23 23:32:02,2022-06-10 19:24:58,2022-06-15 16:23:55,2022-06-25 17:43:12,2022-06-15 21:33:00
2022-06-11 10:39:18,2022-06-12 13:40:47,2022-06-23 08:12:18,2022-06-13 10:26:45,2022-06-24 18:19:49,2022-06-11 10:39:18,2022-06-15 18:13:21,2022-06-26 14:09:26,2022-06-16 11:19:55
2022-06-11 13:48:28,2022-06-12 15:59:59,2022-06-24 16:37:36,2022-06-13 11:00:18,2022-06-24 18:59:22,2022-06-11 13:48:28,2022-06-15 19:30:05,2022-06-26 21:19:50,2022-06-16 13:32:09
2022-06-11 22:33:58,2022-06-12 17:01:23,2022-06-24 18:54:45,2022-06-13 13:37:16,2022-06-24 20:46:08,2022-06-11 22:33:58,2022-06-15 20:32:30,2022-06-27 11:45:03,2022-06-16 16:35:00
2022-06-11 23:05:15,2022-06-12 18:35:03,2022-06-24 21:41:36,2022-06-13 14:47:42,2022-06-25 11:29:29,2022-06-11 23:05:15,2022-06-15 21:20:35,2022-06-27 16:44:47,2022-06-17 00:45:10
2022-06-12 00:32:46,2022-06-13 14:38:43,2022-06-25 00:24:55,2022-06-13 16:58:03,2022-06-25 12:34:26,2022-06-12 00:32:46,2022-06-16 00:21:31,2022-06-27 21:02:31,2022-06-17 02:58:47
2022-06-12 02:07:13,2022-06-13 20:54:24,2022-06-25 09:34:43,2022-06-13 17:49:59,2022-06-25 22:05:58,2022-06-12 02:07:13,2022-06-16 06:21:03,2022-06-28 14:34:43,2022-06-17 09:05:28
2022-06-12 10:37:38,2022-06-14 00:49:03,2022-06-25 13:03:17,2022-06-13 21:04:57,2022-06-25 23:16:26,2022-06-12 10:37:38,2022-06-16 12:51:52,2022-06-28 16:54:47,2022-06-17 09:44:17
2022-06-12 11:19:06,2022-06-14 22:59:31,2022-06-25 13:48:33,2022-06-13 23:04:56,2022-06-26 10:52:20,2022-06-12 11:19:06,2022-06-16 13:58:22,2022-06-28 22:55:18,2022-06-17 11:27:52
2022-06-12 13:56:13,2022-06-15 09:40:36,2022-06-25 16:20:43,2022-06-14 09:32:45,2022-06-26 13:52:03,2022-06-12 13:56:13,2022-06-16 13:58:28,2022-06-29 11:48:53,2022-06-17 12:10:24
2022-06-12 19:06:18,2022-06-15 12:28:04,2022-06-25 19:37:36,2022-06-14 19:23:49,2022-06-26 16:01:57,2022-06-12 19:06:18,2022-06-16 14:41:42,2022-06-29 20:01:29,2022-06-17 18:10:07
2022-06-12 22:47:01,2022-06-15 16:01:48,2022-06-25 21:57:11,2022-06-14 20:44:32,2022-06-26 19:33:15,2022-06-12 22:47:01,2022-06-16 18:53:07,2022-06-29 23:15:36,2022-06-17 19:40:26
2022-06-13 01:03:43,2022-06-15 22:27:38,2022-06-25 23:34:12,2022-06-14 22:42:12,2022-06-27 00:40:19,2022-06-13 01:03:43,2022-06-16 20:52:43,2022-06-30 17:46:09,2022-06-18 00:17:16
2022-06-13 14:03:54,2022-06-16 20:40:04,2022-06-26 10:40:41,2022-06-14 22:46:45,2022-06-27 14:22:27,2022-06-13 14:03:54,2022-06-16 21:10:57,2022-06-30 18:45:20,2022-06-18 10:06:21
2022-06-13 19:29:18,2022-06-16 20:46:50,2022-06-26 16:34:41,2022-06-15 00:05:26,2022-06-27 15:47:04,2022-06-13 19:29:18,2022-06-17 10:43:52,2022-06-30 19:36:43,2022-06-18 13:53:29
2022-06-13 20:17:31,2022-06-17 18:23:11,2022-06-26 21:29:11,2022-06-15 01:48:44,2022-06-28 11:02:28,2022-06-13 20:17:31,2022-06-17 10:50:15,2022-07-04 22:04:56,2022-06-18 14:37:01
2022-06-13 22:54:00,2022-06-17 20:45:34,2022-06-27 15:41:19,2022-06-15 09:15:11,2022-06-30 00:41:55,2022-06-13 22:54:00,2022-06-17 13:32:56,2022-07-05 04:16:25,2022-06-18 16:17:40
2022-06-14 15:49:30,2022-06-18 10:31:45,2022-06-27 17:13:33,2022-06-15 10:06:41,2022-06-30 02:15:41,2022-06-14 15:49:30,2022-06-17 15:11:39,2022-07-05 13:10:21,2022-06-19 03:08:00
2022-06-14 18:26:07,2022-06-18 17:05:28,2022-06-27 18:57:12,2022-06-15 14:13:25,2022-06-30 14:33:57,2022-06-14 18:26:07,2022-06-17 18:52:01,2022-07-05 14:06:24,2022-06-19 10:19:57
2022-06-14 20:02:57,2022-06-18 20:05:47,2022-06-27 21:46:49,2022-06-15 17:30:21,2022-06-30 16:49:28,2022-06-14 20:02:57,2022-06-17 18:58:39,2022-07-05 20:10:56,2022-06-19 12:08:46
2022-06-14 20:36:07,2022-06-18 21:50:42,2022-06-28 13:25:49,2022-06-15 18:49:10,2022-07-02 11:26:44,2022-06-14 20:36:07,2022-06-17 23:04:32,2022-08-11 20:00:43,2022-06-19 17:15:09
2022-06-14 21:54:12,2022-06-18 22:08:22,2022-06-28 22:36:19,2022-06-15 19:59:30,2022-07-02 16:51:33,2022-06-14 21:54:12,2022-06-18 00:32:48,2022-08-15 19:58:06,2022-06-19 21:45:13
2022-06-15 18:13:46,2022-06-19 13:58:53,2022-06-29 09:30:40,2022-06-15 20:49:22,2022-07-03 23:50:20,2022-06-15 18:13:46,2022-06-18 01:12:05,2022-08-21 10:03:44,2022-06-20 01:58:58
2022-06-16 11:56:00,2022-06-19 16:10:22,2022-06-29 11:49:23,2022-06-15 22:41:18,2022-07-04 10:34:27,2022-06-16 11:56:00,2022-06-18 10:47:07,2022-08-21 14:06:40,2022-06-20 12:45:26
2022-06-16 22:02:54,2022-06-20 11:45:35,2022-06-29 21:38:37,2022-06-16 00:55:28,2022-07-04 22:47:28,2022-06-16 22:02:54,2022-06-18 11:19:57,2022-08-27 12:10:56,2022-06-20 17:52:30
2022-06-17 00:55:01,2022-06-20 12:20:23,2022-06-29 23:34:20,2022-06-16 02:10:04,2022-07-05 02:31:33,2022-06-17 00:55:01,2022-06-18 14:44:21,2022-08-28 11:07:11,2022-06-21 09:52:04
2022-06-17 08:58:29,2022-06-20 13:18:49,2022-06-30 16:56:11,2022-06-16 14:11:36,2022-07-05 05:25:11,2022-06-17 08:58:29,2022-06-18 15:58:49,2022-08-28 13:50:55,2022-06-21 11:07:19
2022-06-17 09:45:26,2022-06-20 13:48:42,2022-06-30 18:46:09,2022-06-16 19:49:01,2022-07-05 07:43:10,2022-06-17 09:45:26,2022-06-18 16:16:25,2022-08-28 21:13:53,2022-06-21 17:41:57
2022-06-17 11:19:27,2022-06-20 14:33:45,2022-06-30 20:33:43,2022-06-16 21:05:49,2022-08-18 18:39:49,2022-06-17 11:19:27,2022-06-18 17:08:18,2022-08-29 11:51:11,2022-06-21 20:21:40
2022-06-17 18:45:48,2022-06-20 14:34:10,2022-07-01 00:32:54,2022-06-16 23:02:59,2022-08-18 21:45:46,2022-06-17 18:45:48,2022-06-18 21:44:55,2022-08-30 16:48:51,2022-06-21 23:27:45
2022-06-17 22:08:12,2022-06-20 15:11:30,2022-08-08 15:27:56,2022-06-17 12:47:50,2022-08-19 10:18:36,2022-06-17 22:08:12,2022-06-18 23:01:03,2022-09-03 15:21:48,2022-06-22 07:15:29
2022-06-18 10:57:15,2022-06-20 16:11:22,2022-08-08 19:45:34,2022-06-17 13:56:02,2022-08-19 19:39:29,2022-06-18 10:57:15,2022-06-18 23:09:14,2022-09-11 11:20:10,2022-06-22 12:55:53
2022-06-18 14:41:12,2022-06-20 23:50:21,2022-08-08 22:04:31,2022-06-17 14:45:29,2022-08-19 22:11:11,2022-06-18 14:41:12,2022-06-19 02:46:55,2022-09-16 17:49:21,2022-06-22 14:54:09
2022-06-18 20:09:02,2022-06-21 11:14:49,2022-08-08 23:06:47,2022-06-17 22:47:13,2022-08-20 00:20:41,2022-06-18 20:09:02,2022-06-19 12:08:41,2022-09-18 20:30:48,2022-06-22 20:01:19
2022-06-18 22:12:19,2022-06-21 13:59:40,2022-08-09 08:48:49,2022-06-18 00:34:27,2022-08-21 09:58:46,2022-06-18 22:12:19,2022-06-19 12:20:24,2022-09-20 15:05:10,2022-06-23 02:59:24
2022-06-19 01:35:16,2022-06-21 15:07:29,2022-08-09 09:58:09,2022-06-18 01:16:48,2022-08-21 11:13:33,2022-06-19 01:35:16,2022-06-19 15:14:18,2022-09-22 15:29:50,2022-06-23 07:11:23
2022-06-19 10:05:25,2022-06-21 19:28:12,2022-08-09 12:25:33,2022-06-18 20:42:06,2022-08-23 10:34:56,2022-06-19 10:05:25,2022-06-19 19:17:16,2022-09-22 20:31:11,2022-06-23 14:07:35
2022-06-19 13:14:06,2022-06-22 16:35:18,2022-08-09 14:19:40,2022-06-18 22:50:19,2022-08-23 11:01:53,2022-06-19 13:14:06,2022-06-20 00:01:35,2022-09-22 22:42:56,2022-06-24 14:55:19
2022-06-19 16:08:02,2022-06-22 19:26:05,2022-08-09 18:53:45,2022-06-18 23:31:17,2022-08-23 11:29:48,2022-06-19 16:08:02,2022-06-20 10:22:01,2022-09-24 13:03:58,2022-06-24 21:10:37
2022-06-19 16:33:06,2022-06-22 20:04:52,2022-08-09 19:53:57,2022-06-19 01:03:05,2022-08-23 15:21:02,2022-06-19 16:33:06,2022-06-20 11:12:57,2022-09-26 15:53:14,2022-06-25 00:50:16
2022-06-19 19:22:33,2022-06-22 23:38:14,2022-08-09 21:12:00,2022-06-19 09:25:30,2022-08-23 18:51:51,2022-06-19 19:22:33,2022-06-20 19:50:54,2022-09-27 13:07:37,2022-06-25 02:59:29
2022-06-19 23:21:09,2022-06-23 01:27:25,2022-08-09 22:31:07,2022-06-19 15:10:36,2022-08-24 00:24:15,2022-06-19 23:21:09,2022-06-20 20:11:06,2022-10-09 18:40:31,2022-06-25 10:24:45
2022-06-20 00:02:11,2022-06-23 19:35:25,2022-08-10 09:01:43,2022-06-19 15:39:24,2022-08-24 17:54:50,2022-06-20 00:02:11,2022-06-20 23:31:46,2022-10-09 20:46:10,2022-06-25 15:13:34
2022-06-20 16:35:21,2022-06-24 02:04:41,2022-08-10 13:06:55,2022-06-19 18:15:34,2022-08-25 13:55:45,2022-06-20 16:35:21,2022-06-21 00:18:23,2022-10-10 19:07:27,2022-06-25 16:45:45
2022-06-20 19:31:52,2022-06-25 02:36:39,2022-08-10 16:30:18,2022-06-19 23:17:42,2022-08-25 20:42:32,2022-06-20 19:31:52,2022-06-21 03:05:55,2022-10-11 17:44:05,2022-06-25 23:45:38
2022-06-20 21:25:18,2022-06-26 11:13:23,2022-08-10 18:13:01,2022-06-20 14:27:04,2022-08-26 08:00:31,2022-06-20 21:25:18,2022-06-21 10:16:08,2022-10-12 17:15:21,2022-06-26 03:23:59
2022-06-20 22:54:14,2022-06-26 11:24:23,2022-08-11 06:51:02,2022-06-21 02:48:34,2022-08-26 09:58:35,2022-06-20 22:54:14,2022-06-21 11:16:03,2022-10-13 17:34:54,2022-06-26 09:58:37
2022-06-21 10:13:14,2022-06-26 12:56:30,2022-08-11 08:26:15,2022-06-21 12:11:55,2022-08-26 17:37:43,2022-06-21 10:13:14,2022-06-21 14:15:47,2022-10-13 21:11:32,2022-06-26 10:22:31
2022-06-21 13:33:53,2022-06-26 15:57:19,2022-08-11 09:37:15,2022-06-21 12:25:41,2022-08-26 22:03:54,2022-06-21 13:33:53,2022-06-21 14:46:04,2022-10-14 13:47:30,2022-06-26 14:13:54
2022-06-21 15:29:36,2022-06-26 19:25:54,2022-08-11 10:50:27,2022-06-21 19:55:08,2022-08-27 11:57:47,2022-06-21 15:29:36,2022-06-21 15:07:53,2022-10-15 11:26:04,2022-06-26 16:31:03
2022-06-21 19:24:20,2022-06-26 21:56:37,2022-08-11 16:45:16,2022-06-21 20:45:14,2022-08-28 09:48:49,2022-06-21 19:24:20,2022-06-21 15:15:30,2022-10-15 13:54:02,2022-06-26 18:09:57
2022-06-21 21:36:08,2022-06-27 22:09:45,2022-08-11 21:28:32,2022-06-21 21:54:36,2022-08-28 13:21:13,2022-06-21 21:36:08,2022-06-21 16:44:13,2022-10-15 16:03:47,2022-06-26 20:12:15
2022-06-22 01:32:58,2022-06-27 23:10:56,2022-08-11 22:51:14,2022-06-22 02:25:58,2022-08-28 15:49:45,2022-06-22 01:32:58,2022-06-21 21:30:59,2022-10-15 19:11:33,2022-06-26 21:57:03
2022-06-22 02:26:47,2022-06-28 01:49:13,2022-08-12 10:54:41,2022-06-22 19:29:31,2022-08-31 12:16:25,2022-06-22 02:26:47,2022-06-21 22:26:06,2022-10-16 14:40:50,2022-06-27 01:23:35
2022-06-22 11:54:49,2022-06-28 03:27:10,2022-08-12 13:47:29,2022-06-22 19:37:38,2022-09-02 01:23:53,2022-06-22 11:54:49,2022-06-22 00:33:58,2022-10-16 17:34:59,2022-06-27 03:47:33
2022-06-22 12:11:10,2022-06-28 13:41:57,2022-08-12 19:26:44,2022-06-22 23:01:34,2022-09-02 10:34:42,2022-06-22 12:11:10,2022-06-22 00:54:09,2022-10-16 17:42:51,2022-06-27 06:23:31
2022-06-22 16:32:05,2022-06-29 01:27:25,2022-08-12 21:13:05,2022-06-22 23:39:20,2022-09-03 21:24:04,2022-06-22 16:32:05,2022-06-22 08:58:32,2022-10-17 11:57:35,2022-06-27 14:07:15
2022-06-22 19:12:34,2022-06-30 15:08:29,2022-08-13 09:22:43,2022-06-23 00:05:46,2022-09-07 21:20:45,2022-06-22 19:12:34,2022-06-22 12:49:16,2022-10-17 17:36:02,2022-06-27 15:11:38
2022-06-23 02:45:51,2022-06-30 21:11:47,2022-08-13 12:30:09,2022-06-23 06:49:52,2022-09-08 13:34:36,2022-06-23 02:45:51,2022-06-22 14:49:49,2022-10-18 13:27:24,2022-06-27 17:09:39
2022-06-23 12:16:50,2022-07-01 11:06:32,2022-08-13 16:29:28,2022-06-23 12:30:30,2022-09-09 00:59:10,2022-06-23 12:16:50,2022-06-22 17:35:10,2022-10-18 16:26:29,2022-06-28 02:21:30
2022-06-23 13:31:25,2022-07-01 15:05:42,2022-08-13 21:51:57,2022-06-23 15:42:02,2022-09-09 14:28:40,2022-06-23 13:31:25,2022-06-22 18:00:51,2022-10-19 00:04:22,2022-06-28 10:12:03
2022-06-23 22:28:08,2022-07-01 17:35:22,2022-08-14 10:30:15,2022-06-23 19:00:46,2022-09-10 11:05:22,2022-06-23 22:28:08,2022-06-22 18:44:08,2022-10-19 13:59:24,2022-06-28 13:48:17
2022-06-24 00:28:36,2022-07-01 21:39:50,2022-08-14 12:18:42,2022-06-23 22:28:32,2022-09-10 11:46:34,2022-06-24 00:28:36,2022-06-23 00:00:31,2022-10-19 17:23:21,2022-06-28 19:20:39
2022-06-24 12:12:57,2022-07-02 11:44:32,2022-08-14 13:13:13,2022-06-24 13:14:36,2022-09-10 13:15:51,2022-06-24 12:12:57,2022-06-23 20:03:22,2022-10-19 19:29:56,2022-06-28 21:15:49
2022-06-24 14:31:02,2022-07-02 18:29:31,2022-08-14 19:33:18,2022-06-24 20:11:31,2022-09-10 23:23:21,2022-06-24 14:31:02,2022-06-23 20:42:56,2022-10-20 13:43:19,2022-06-28 22:11:09
2022-06-25 00:39:37,2022-07-02 20:24:54,2022-08-15 07:41:32,2022-06-24 23:14:09,2022-09-11 10:33:00,2022-06-25 00:39:37,2022-06-23 23:01:00,2022-10-21 17:41:22,2022-06-29 00:21:58
2022-06-25 11:15:07,2022-07-03 01:50:27,2022-08-15 11:11:57,2022-06-25 12:31:35,2022-09-11 11:32:23,2022-06-25 11:15:07,2022-06-24 03:31:53,2022-10-21 20:17:16,2022-06-29 02:52:17
2022-06-25 12:37:01,2022-07-03 18:23:31,2022-08-15 12:01:29,2022-06-25 19:27:46,2022-09-11 23:14:47,2022-06-25 12:37:01,2022-06-24 06:52:54,2022-10-21 23:48:07,2022-06-29 09:20:10
2022-06-25 13:04:02,2022-07-03 22:22:16,2022-08-15 17:11:50,2022-06-25 19:35:05,2022-09-12 01:20:26,2022-06-25 13:04:02,2022-06-24 15:25:11,2022-10-22 12:04:02,2022-06-29 20:00:27
2022-06-25 14:02:59,2022-07-03 23:50:06,2022-08-15 18:40:38,2022-06-26 00:05:11,2022-09-12 12:52:45,2022-06-25 14:02:59,2022-06-24 16:09:40,2022-10-22 13:05:31,2022-06-29 21:51:11
2022-06-25 19:46:06,2022-07-04 14:06:15,2022-08-15 20:01:14,2022-06-26 00:10:20,2022-09-12 18:04:20,2022-06-25 19:46:06,2022-06-24 18:28:50,2022-10-22 17:52:55,2022-06-30 00:49:38
2022-06-25 20:27:52,2022-07-04 20:20:08,2022-08-15 23:16:53,2022-06-26 11:35:53,2022-09-14 11:55:31,2022-06-25 20:27:52,2022-06-24 20:14:06,2022-10-22 18:47:51,2022-06-30 11:06:45
2022-06-25 22:04:58,2022-07-04 22:01:58,2022-08-16 08:56:19,2022-06-26 11:36:38,2022-09-15 01:34:01,2022-06-25 22:04:58,2022-06-25 00:40:11,2022-10-22 21:13:11,2022-06-30 18:36:50
2022-06-25 23:58:24,2022-07-05 01:21:56,2022-08-16 10:25:50,2022-06-26 15:03:54,2022-09-15 12:20:19,2022-06-25 23:58:24,2022-06-25 12:25:01,2022-10-23 14:06:17,2022-06-30 21:45:57
2022-06-26 09:45:03,2022-07-05 20:24:47,2022-08-16 10:43:33,2022-06-26 16:54:29,2022-09-15 19:49:14,2022-06-26 09:45:03,2022-06-25 14:03:02,2022-10-23 17:55:40,2022-07-01 01:07:28
2022-06-26 15:04:20,2022-08-06 22:50:06,2022-08-16 15:30:39,2022-06-26 18:12:14,2022-09-15 22:02:38,2022-06-26 15:04:20,2022-06-25 20:52:04,2022-10-23 18:53:44,2022-07-01 14:31:40
2022-06-26 21:42:49,2022-08-07 00:28:18,2022-08-16 18:31:15,2022-06-26 18:14:10,2022-09-17 01:27:54,2022-06-26 21:42:49,2022-06-25 20:56:43,2022-10-24 13:17:29,2022-07-01 22:12:55
2022-06-27 02:19:04,2022-08-07 11:32:11,2022-08-17 00:15:29,2022-06-26 21:00:21,2022-09-17 19:16:15,2022-06-27 02:19:04,2022-06-25 22:02:03,2022-10-24 23:04:15,2022-07-01 23:44:13
2022-06-27 18:31:16,2022-08-07 22:19:29,2022-08-17 10:38:30,2022-06-26 21:51:32,2022-09-17 23:53:02,2022-06-27 18:31:16,2022-06-26 00:44:21,2022-10-25 12:35:31,2022-07-02 17:34:13
2022-06-27 19:37:21,2022-08-09 08:29:13,2022-08-17 13:43:49,2022-06-26 23:15:05,2022-09-18 00:41:53,2022-06-27 19:37:21,2022-06-26 10:27:12,2022-10-25 17:06:12,2022-07-02 22:41:39
2022-06-27 21:41:24,2022-08-09 10:47:40,2022-08-17 14:05:49,2022-06-27 15:05:44,2022-09-18 09:45:34,2022-06-27 21:41:24,2022-06-26 10:48:20,2022-10-26 10:59:06,2022-07-03 12:14:57
2022-06-28 01:03:39,2022-08-09 12:16:00,2022-08-17 18:27:09,2022-06-27 16:16:15,2022-09-18 11:40:53,2022-06-28 01:03:39,2022-06-27 00:10:02,2022-10-26 17:22:25,2022-07-03 18:56:04
2022-06-28 01:13:21,2022-08-09 15:45:13,2022-08-18 00:47:23,2022-06-27 21:36:18,2022-09-18 13:04:02,2022-06-28 01:13:21,2022-06-27 01:02:23,2022-10-27 11:01:44,2022-07-03 23:24:55
2022-06-28 17:26:49,2022-08-09 16:55:06,2022-08-18 10:22:24,2022-06-27 22:13:56,2022-09-18 13:50:16,2022-06-28 17:26:49,2022-06-27 02:49:05,2022-10-27 17:11:07,2022-07-04 10:22:54
2022-06-28 21:56:38,2022-08-09 18:21:39,2022-08-18 13:13:50,2022-06-28 01:03:27,2022-09-20 15:08:01,2022-06-28 21:56:38,2022-06-27 12:20:53,2022-10-28 11:39:51,2022-07-04 13:25:56
2022-06-30 02:40:32,2022-08-09 21:05:58,2022-08-18 15:13:08,2022-06-28 01:06:17,2022-09-20 18:33:48,2022-06-30 02:40:32,2022-06-27 21:54:54,2022-10-28 16:25:44,2022-07-04 15:26:36
2022-06-30 17:06:15,2022-08-09 23:43:27,2022-08-18 21:15:16,2022-06-28 07:48:00,2022-09-20 23:43:49,2022-06-30 17:06:15,2022-06-27 23:45:37,2022-10-28 20:20:29,2022-07-04 19:37:02
2022-06-30 21:42:16,2022-08-10 00:23:40,2022-08-18 23:39:07,2022-06-28 21:53:11,2022-09-21 01:26:19,2022-06-30 21:42:16,2022-06-28 02:17:12,2022-10-28 21:51:48,2022-07-05 08:59:22
2022-06-30 23:28:58,2022-08-10 13:32:41,2022-08-19 10:41:38,2022-06-29 23:24:10,2022-09-21 17:01:40,2022-06-30 23:28:58,2022-06-28 13:39:13,2022-10-29 13:31:30,2022-08-06 16:51:50
2022-07-01 21:56:18,2022-08-10 15:40:33,2022-08-19 12:22:42,2022-06-30 00:05:08,2022-09-21 23:56:54,2022-07-01 21:56:18,2022-06-28 15:37:58,2022-10-29 17:34:16,2022-08-06 18:22:41
2022-07-02 10:09:16,2022-08-10 16:03:39,2022-08-19 13:56:29,2022-06-30 02:54:43,2022-09-22 15:10:44,2022-07-02 10:09:16,2022-06-28 17:08:08,,2022-08-06 20:48:29
2022-07-02 12:32:55,2022-08-10 18:15:55,2022-08-19 16:08:12,2022-06-30 17:11:03,2022-09-22 17:50:30,2022-07-02 12:32:55,2022-06-28 21:00:24,,2022-08-06 22:37:58
2022-07-02 14:50:43,2022-08-10 20:28:40,2022-08-19 20:31:37,2022-06-30 20:12:38,2022-09-22 23:34:36,2022-07-02 14:50:43,2022-06-28 23:51:07,,2022-08-07 08:41:46
2022-07-02 17:21:36,2022-08-10 20:48:09,2022-08-19 23:24:22,2022-06-30 23:49:20,2022-09-23 14:11:13,2022-07-02 17:21:36,2022-06-30 13:39:39,,2022-08-07 12:08:14
2022-07-02 20:37:51,2022-08-11 00:12:17,2022-08-20 09:24:22,2022-07-01 11:59:34,2022-09-24 14:18:06,2022-07-02 20:37:51,2022-06-30 22:21:49,,2022-08-07 14:15:27
2022-07-03 00:08:58,2022-08-11 00:20:42,2022-08-20 19:54:24,2022-07-01 21:50:13,2022-09-24 15:10:11,2022-07-03 00:08:58,2022-07-01 01:35:02,,2022-08-07 16:21:39
2022-07-03 02:07:38,2022-08-11 00:25:09,2022-08-20 22:49:09,2022-07-02 15:02:51,2022-09-24 18:57:59,2022-07-03 02:07:38,2022-07-01 15:16:16,,2022-08-07 18:27:03
2022-07-03 11:26:26,2022-08-11 18:41:49,2022-08-21 00:23:32,2022-07-02 18:06:19,2022-09-25 08:29:20,2022-07-03 11:26:26,2022-07-02 15:24:08,,2022-08-07 19:54:43
2022-07-03 12:05:32,2022-08-11 21:49:02,2022-08-21 10:10:59,2022-07-03 00:37:27,2022-09-25 11:25:18,2022-07-03 12:05:32,2022-07-02 20:44:09,,2022-08-07 23:10:03
2022-07-03 13:43:42,2022-08-12 22:19:44,2022-08-21 18:20:42,2022-07-03 19:22:04,2022-09-25 12:22:59,2022-07-03 13:43:42,2022-07-03 02:03:18,,2022-08-08 00:52:06
2022-07-03 14:50:12,2022-08-13 00:03:07,2022-08-21 22:00:36,2022-07-03 20:27:12,2022-09-25 17:18:51,2022-07-03 14:50:12,2022-07-03 05:04:49,,2022-08-08 08:20:50
2022-07-03 18:11:37,2022-08-13 21:15:43,2022-08-21 22:30:50,2022-07-04 02:16:24,2022-09-25 19:48:56,2022-07-03 18:11:37,2022-07-03 14:17:23,,2022-08-08 09:57:30
2022-07-03 22:07:41,2022-08-13 21:52:48,2022-08-22 00:35:56,2022-07-04 09:24:37,2022-09-25 21:41:55,2022-07-03 22:07:41,2022-07-05 04:39:32,,2022-08-08 14:19:49
2022-07-04 14:16:10,2022-08-14 09:28:21,2022-08-22 14:43:49,2022-08-06 11:27:10,2022-09-25 22:22:48,2022-07-04 14:16:10,2022-07-05 21:55:37,,2022-08-08 16:45:30
2022-07-04 17:25:47,2022-08-14 18:40:47,2022-08-22 17:23:11,2022-08-06 12:15:31,2022-09-26 06:06:29,2022-07-04 17:25:47,2022-07-06 02:15:38,,2022-08-08 17:27:03
2022-07-04 22:51:43,2022-08-14 21:14:57,2022-08-22 18:49:01,2022-08-06 22:47:31,2022-09-26 12:32:57,2022-07-04 22:51:43,2022-07-06 10:37:11,,2022-08-08 21:08:58
2022-07-04 23:28:12,2022-08-15 00:39:14,2022-08-22 19:09:54,2022-08-07 06:50:26,2022-09-26 15:12:28,2022-07-04 23:28:12,2022-07-06 12:44:07,,2022-08-08 21:54:43
2022-07-05 13:01:49,2022-08-15 13:52:22,2022-08-22 22:50:14,2022-08-07 23:20:18,2022-09-27 00:28:58,2022-07-05 13:01:49,2022-07-06 19:53:33,,2022-08-09 00:29:53
2022-07-05 13:32:53,2022-08-15 16:33:10,2022-08-23 13:07:25,2022-08-08 15:51:04,2022-09-27 19:36:25,2022-07-05 13:32:53,2022-07-07 21:58:38,,2022-08-09 08:36:24
2022-07-05 19:40:00,2022-08-15 21:38:00,2022-08-23 18:45:11,2022-08-08 19:26:52,2022-09-27 21:48:28,2022-07-05 19:40:00,2022-07-07 23:41:16,,2022-08-09 10:43:59
2022-07-05 22:50:06,2022-08-15 22:30:07,2022-08-24 08:44:55,2022-08-08 23:42:56,2022-09-28 13:33:21,2022-07-05 22:50:06,2022-08-06 20:46:41,,2022-08-09 14:39:05
2022-07-06 00:10:35,2022-08-16 00:29:25,2022-08-24 11:36:58,2022-08-09 00:45:57,2022-09-28 21:16:07,2022-07-06 00:10:35,2022-08-06 23:01:16,,2022-08-09 19:58:52
2022-07-06 02:05:48,2022-08-16 23:33:43,2022-08-24 13:31:09,2022-08-09 12:27:40,2022-09-28 22:30:11,2022-07-06 02:05:48,2022-08-07 12:29:58,,2022-08-09 21:35:18
2022-07-06 11:56:15,2022-08-17 21:40:27,2022-08-24 14:31:11,2022-08-09 13:44:20,2022-09-29 06:11:10,2022-07-06 11:56:15,2022-08-08 22:35:54,,2022-08-09 23:44:07
2022-07-06 13:44:47,2022-08-17 23:12:13,2022-08-24 19:57:52,2022-08-09 15:48:58,2022-09-29 14:18:11,2022-07-06 13:44:47,2022-08-09 01:42:55,,2022-08-10 07:31:38
2022-07-06 19:13:14,2022-08-18 15:13:52,2022-08-24 21:02:49,2022-08-09 16:31:12,2022-09-29 18:11:56,2022-07-06 19:13:14,2022-08-09 22:20:51,,2022-08-10 12:36:19
2022-07-06 19:53:22,2022-08-18 20:28:38,2022-08-25 08:55:22,2022-08-09 18:49:46,2022-09-29 22:49:53,2022-07-06 19:53:22,2022-08-10 01:49:49,,2022-08-10 16:32:09
2022-07-06 20:28:51,2022-08-19 01:14:31,2022-08-25 12:53:10,2022-08-09 22:32:09,2022-10-11 14:15:42,2022-07-06 20:28:51,2022-08-10 22:42:17,,2022-08-10 21:25:28
2022-07-07 00:23:25,2022-08-19 13:56:28,2022-08-25 16:10:13,2022-08-10 17:02:08,2022-10-12 19:07:46,2022-07-07 00:23:25,2022-08-10 23:09:17,,2022-08-11 08:07:09
2022-07-07 08:41:20,2022-08-19 14:00:32,2022-08-25 21:03:38,2022-08-10 20:46:09,2022-10-13 09:43:43,2022-07-07 08:41:20,2022-08-11 23:55:19,,2022-08-11 12:10:06
2022-07-07 11:00:47,2022-08-19 20:26:42,2022-08-26 14:53:40,2022-08-10 23:00:18,2022-10-13 17:36:38,2022-07-07 11:00:47,2022-08-12 14:45:30,,2022-08-11 16:33:50
2022-07-07 12:54:43,2022-08-20 02:24:31,2022-08-26 21:01:18,2022-08-11 12:08:53,2022-10-13 22:26:42,2022-07-07 12:54:43,2022-08-13 13:57:37,,2022-08-11 21:25:06
2022-07-07 13:29:13,2022-08-20 19:50:32,2022-08-26 22:33:03,2022-08-11 13:14:54,2022-10-14 08:53:59,2022-07-07 13:29:13,2022-08-13 21:32:13,,2022-08-12 00:24:00
2022-07-07 14:31:53,2022-08-20 19:53:38,2022-08-27 11:06:10,2022-08-11 23:31:40,2022-10-14 19:29:32,2022-07-07 14:31:53,2022-08-14 03:20:18,,2022-08-12 12:50:11
2022-07-07 16:29:20,2022-08-21 01:51:44,2022-08-27 12:41:58,2022-08-11 23:44:46,2022-10-15 10:00:30,2022-07-07 16:29:20,2022-08-14 13:54:26,,2022-08-12 15:57:52
2022-07-07 18:45:24,2022-08-21 09:50:52,2022-08-27 17:16:18,2022-08-12 06:57:43,2022-10-16 10:35:16,2022-07-07 18:45:24,2022-08-15 09:14:52,,2022-08-12 20:53:17
2022-07-07 20:57:12,2022-08-21 10:51:10,2022-08-27 18:53:59,2022-08-12 09:20:50,2022-10-16 13:43:45,2022-07-07 20:57:12,2022-08-15 12:01:27,,2022-08-13 00:43:46
2022-07-08 05:19:27,2022-08-21 13:04:27,2022-08-27 19:04:33,2022-08-12 13:04:13,2022-10-16 15:30:39,2022-07-08 05:19:27,2022-08-15 20:11:07,,2022-08-13 08:56:58
2022-07-08 09:04:53,2022-08-21 20:14:24,2022-08-28 07:32:03,2022-08-13 11:29:03,2022-10-17 01:43:59,2022-07-08 09:04:53,2022-08-15 22:56:53,,2022-08-13 18:35:23
2022-07-08 12:49:34,2022-08-21 22:06:06,2022-08-28 09:59:42,2022-08-13 15:32:25,2022-10-17 17:13:55,2022-07-08 12:49:34,2022-08-16 12:57:47,,2022-08-13 20:38:57
2022-07-08 13:22:59,2022-08-22 19:42:57,2022-08-28 11:20:38,2022-08-13 21:47:49,2022-10-17 23:13:10,2022-07-08 13:22:59,2022-08-17 19:23:05,,2022-08-13 21:22:23
2022-07-08 14:04:09,2022-08-22 23:19:32,2022-08-28 13:25:34,2022-08-13 23:20:37,2022-10-18 13:26:01,2022-07-08 14:04:09,2022-08-17 19:41:39,,2022-08-14 08:47:34
2022-07-08 20:27:29,2022-08-23 01:32:49,2022-08-29 17:51:43,2022-08-14 09:51:23,2022-10-22 07:43:33,2022-07-08 20:27:29,2022-08-17 22:12:02,,2022-08-14 14:04:07
2022-07-09 01:19:55,2022-08-23 20:25:52,2022-08-30 06:20:12,2022-08-14 14:06:47,2022-10-22 10:08:24,2022-07-09 01:19:55,2022-08-19 08:35:01,,2022-08-14 16:39:20
2022-07-09 02:32:13,2022-08-23 21:03:34,2022-08-30 13:03:59,2022-08-14 17:14:34,2022-10-22 13:25:18,2022-07-09 02:32:13,2022-08-19 10:48:12,,2022-08-14 23:07:16
2022-07-09 09:37:42,2022-08-24 16:56:47,2022-08-30 21:23:26,2022-08-14 20:02:18,2022-10-22 14:22:19,2022-07-09 09:37:42,2022-08-19 14:57:11,,2022-08-14 23:35:58
2022-07-09 14:09:50,2022-08-24 21:04:05,2022-08-31 08:23:43,2022-08-15 00:32:13,2022-10-22 20:20:21,2022-07-09 14:09:50,2022-08-19 18:29:50,,2022-08-15 08:48:05
2022-07-09 16:46:57,2022-08-24 22:10:59,2022-08-31 12:44:16,2022-08-15 08:14:01,2022-10-22 23:39:53,2022-07-09 16:46:57,2022-08-19 23:51:02,,2022-08-15 10:15:51
2022-07-09 19:53:22,2022-08-24 22:44:48,2022-08-31 13:05:09,2022-08-15 09:18:45,2022-10-25 02:05:46,2022-07-09 19:53:22,2022-08-20 13:36:04,,2022-08-15 17:45:12
2022-07-09 20:13:59,2022-08-25 00:44:48,2022-08-31 21:56:14,2022-08-15 22:03:11,2022-10-25 09:47:02,2022-07-09 20:13:59,2022-08-20 19:38:43,,2022-08-15 21:40:26
2022-08-07 21:40:33,2022-08-25 19:17:20,2022-09-01 00:21:03,2022-08-16 01:56:49,2022-10-25 11:25:27,2022-08-07 21:40:33,2022-08-20 20:48:04,,2022-08-16 00:26:15
2022-08-08 07:45:01,2022-08-25 19:54:46,2022-09-01 12:33:56,2022-08-16 09:36:04,2022-10-25 16:01:17,2022-08-08 07:45:01,2022-08-20 21:53:21,,2022-08-16 13:46:25
2022-08-08 16:19:20,2022-08-25 21:15:38,2022-09-01 12:51:57,2022-08-16 11:58:04,2022-10-25 18:01:29,2022-08-08 16:19:20,2022-08-21 01:09:31,,2022-08-16 17:13:52
2022-08-08 16:57:08,2022-08-25 23:43:29,2022-09-01 16:52:48,2022-08-16 16:28:07,2022-10-25 19:12:24,2022-08-08 16:57:08,2022-08-21 11:42:44,,2022-08-16 21:29:38
2022-08-08 19:25:26,2022-08-26 01:27:40,2022-09-02 14:19:08,2022-08-16 17:39:48,2022-10-25 20:05:42,2022-08-08 19:25:26,2022-08-22 00:11:29,,2022-08-17 00:44:48
2022-08-08 21:37:08,2022-08-26 16:33:03,2022-09-02 19:00:02,2022-08-16 20:00:28,2022-10-25 23:44:29,2022-08-08 21:37:08,2022-08-22 02:06:02,,2022-08-17 11:47:18
2022-08-09 07:41:36,2022-08-26 19:28:23,2022-09-02 19:44:08,2022-08-16 22:17:14,2022-10-26 10:57:02,2022-08-09 07:41:36,2022-08-22 08:19:17,,2022-08-17 16:55:18
2022-08-09 09:06:00,2022-08-27 10:58:25,2022-09-03 00:52:34,2022-08-16 23:03:07,2022-10-26 13:50:20,2022-08-09 09:06:00,2022-08-22 12:47:38,,2022-08-17 20:56:09
2022-08-09 10:39:07,2022-08-27 20:02:39,2022-09-03 11:34:00,2022-08-16 23:49:48,2022-10-26 14:32:59,2022-08-09 10:39:07,2022-08-22 16:43:22,,2022-08-18 01:19:00
2022-08-09 13:41:05,2022-08-27 23:47:13,2022-09-03 13:20:48,2022-08-17 15:02:14,2022-10-26 17:44:00,2022-08-09 13:41:05,2022-08-22 19:16:33,,2022-08-18 17:00:00
2022-08-09 17:45:47,2022-08-28 18:30:03,2022-09-03 16:54:49,2022-08-18 00:19:41,2022-10-26 19:36:27,2022-08-09 17:45:47,2022-08-22 21:28:16,,2022-08-18 20:43:45
2022-08-09 19:41:49,2022-08-28 22:35:44,2022-09-03 19:44:50,2022-08-18 09:42:59,2022-10-26 20:58:44,2022-08-09 19:41:49,2022-08-23 09:13:55,,2022-08-19 00:40:24
2022-08-09 20:28:52,2022-08-29 12:11:14,2022-09-04 02:09:10,2022-08-18 13:15:16,2022-10-26 22:15:26,2022-08-09 20:28:52,2022-08-23 20:34:09,,2022-08-19 08:31:35
2022-08-09 21:57:34,2022-08-29 16:57:30,2022-09-04 07:39:23,2022-08-18 18:50:44,2022-10-26 22:20:01,2022-08-09 21:57:34,2022-08-23 23:30:43,,2022-08-19 17:40:26
2022-08-09 23:12:08,2022-08-29 17:37:19,2022-09-04 09:47:20,2022-08-18 22:13:58,2022-10-27 12:30:55,2022-08-09 23:12:08,2022-08-24 05:15:48,,2022-08-19 19:25:51
2022-08-09 23:46:58,2022-08-29 19:04:47,2022-09-04 13:30:46,2022-08-19 11:31:40,2022-10-27 13:01:03,2022-08-09 23:46:58,2022-08-24 06:31:13,,2022-08-20 04:13:25
2022-08-10 07:09:31,2022-08-29 20:34:05,2022-09-04 23:45:43,2022-08-19 13:14:29,2022-10-28 10:22:05,2022-08-10 07:09:31,2022-08-24 07:19:08,,2022-08-20 10:16:31
2022-08-10 11:50:25,2022-08-30 09:18:33,2022-09-05 10:44:23,2022-08-19 16:37:34,2022-10-28 11:15:38,2022-08-10 11:50:25,2022-08-24 10:27:01,,2022-08-20 11:17:45
2022-08-10 12:45:15,2022-08-30 19:48:15,2022-09-05 14:08:54,2022-08-19 23:07:39,2022-10-28 11:33:10,2022-08-10 12:45:15,2022-08-24 16:32:55,,2022-08-20 13:42:56
2022-08-10 14:21:23,2022-08-31 09:26:58,2022-09-05 20:52:48,2022-08-20 11:18:23,2022-10-28 12:18:46,2022-08-10 14:21:23,2022-08-24 18:30:44,,2022-08-20 21:57:34
2022-08-10 17:49:04,2022-08-31 19:21:36,2022-09-06 07:05:17,2022-08-20 19:45:52,2022-10-28 13:10:14,2022-08-10 17:49:04,2022-08-24 19:17:52,,2022-08-20 23:36:45
2022-08-10 20:20:03,2022-08-31 21:52:54,2022-09-06 13:43:17,2022-08-20 20:06:22,2022-10-28 15:03:02,2022-08-10 20:20:03,2022-08-24 23:13:38,,2022-08-21 08:06:09
2022-08-10 21:46:27,2022-08-31 21:57:55,2022-09-06 15:32:50,2022-08-20 23:13:06,2022-10-28 22:21:37,2022-08-10 21:46:27,2022-08-25 01:49:55,,2022-08-21 19:04:02
2022-08-11 07:13:49,2022-09-01 02:04:43,2022-09-06 17:37:47,2022-08-21 03:57:09,2022-10-29 00:37:21,2022-08-11 07:13:49,2022-08-25 11:18:44,,2022-08-22 00:55:23
2022-08-11 15:36:39,2022-09-01 11:11:36,2022-09-06 18:43:42,2022-08-21 09:53:44,2022-10-29 02:07:52,2022-08-11 15:36:39,2022-08-25 13:01:09,,2022-08-22 11:39:13
2022-08-11 18:01:29,2022-09-01 16:26:45,2022-09-06 18:46:06,2022-08-21 17:52:27,2022-10-29 11:08:09,2022-08-11 18:01:29,2022-08-25 19:09:38,,2022-08-22 19:52:20
2022-08-11 22:24:09,2022-09-01 20:10:56,2022-09-06 20:45:36,2022-08-21 18:58:33,2022-10-29 11:22:36,2022-08-11 22:24:09,2022-08-25 23:39:57,,2022-08-22 20:18:33
2022-08-12 07:11:00,2022-09-02 00:43:39,2022-09-06 22:07:54,2022-08-21 23:31:45,2022-10-29 14:32:17,2022-08-12 07:11:00,2022-08-26 17:37:15,,2022-08-23 01:12:02
2022-08-12 08:25:12,2022-09-02 01:35:06,2022-09-07 00:07:05,2022-08-22 06:04:17,2022-10-29 22:43:17,2022-08-12 08:25:12,2022-08-27 10:48:18,,2022-08-23 01:43:45
2022-08-12 14:17:59,2022-09-02 11:16:46,2022-09-07 08:18:47,2022-08-22 13:36:34,2022-10-29 23:02:21,2022-08-12 14:17:59,2022-08-28 00:24:02,,2022-08-23 09:07:43
2022-08-12 15:24:47,2022-09-02 18:34:30,2022-09-07 09:43:13,2022-08-22 21:30:11,2022-10-30 00:19:03,2022-08-12 15:24:47,2022-08-28 04:34:20,,2022-08-23 13:39:35
2022-08-12 16:55:07,2022-09-03 01:37:16,2022-09-07 11:29:19,2022-08-22 22:39:51,2022-10-30 01:31:02,2022-08-12 16:55:07,2022-08-28 11:27:45,,2022-08-23 19:07:29
2022-08-12 17:26:19,2022-09-03 19:26:53,2022-09-07 18:48:24,2022-08-23 10:06:58,2022-10-30 11:29:26,2022-08-12 17:26:19,2022-08-28 14:22:17,,2022-08-23 19:32:46
2022-08-12 19:27:34,2022-09-03 22:55:04,2022-09-07 20:56:03,2022-08-23 11:41:44,2022-10-30 19:16:04,2022-08-12 19:27:34,2022-08-28 16:16:21,,2022-08-24 01:16:14
2022-08-13 00:06:13,2022-09-04 02:18:23,2022-09-07 20:57:16,2022-08-23 13:08:33,2022-10-30 23:29:06,2022-08-13 00:06:13,2022-08-28 16:59:09,,2022-08-24 14:15:44
2022-08-13 09:15:56,2022-09-04 21:42:02,2022-09-08 07:09:13,2022-08-23 20:01:50,2022-10-31 08:58:51,2022-08-13 09:15:56,2022-08-28 19:09:30,,2022-08-24 19:13:40
2022-08-13 14:16:23,2022-09-05 01:17:18,2022-09-08 07:55:54,2022-08-23 20:05:04,2022-10-31 18:14:24,2022-08-13 14:16:23,2022-08-28 20:17:44,,2022-08-25 01:01:11
2022-08-13 21:48:34,2022-09-05 10:04:05,2022-09-08 09:39:15,2022-08-24 00:07:56,2022-10-31 19:09:02,2022-08-13 21:48:34,2022-08-28 21:39:14,,2022-08-25 14:01:03
2022-08-14 09:51:38,2022-09-05 16:40:54,2022-09-08 10:30:40,2022-08-24 00:08:05,2022-10-31 19:48:02,2022-08-14 09:51:38,2022-08-29 11:41:18,,2022-08-25 17:16:48
2022-08-14 12:20:07,2022-09-06 22:37:54,2022-09-08 12:45:11,2022-08-24 08:14:53,2022-10-31 21:28:41,2022-08-14 12:20:07,2022-08-29 17:58:30,,2022-08-25 19:54:27
2022-08-14 15:18:02,2022-09-07 00:45:06,2022-09-08 15:16:29,2022-08-24 14:38:28,2022-11-01 11:14:23,2022-08-14 15:18:02,2022-08-29 20:35:22,,2022-08-26 00:05:01
2022-08-14 16:02:19,2022-09-07 08:40:01,2022-09-08 17:57:21,2022-08-24 20:48:51,2022-11-01 13:12:37,2022-08-14 16:02:19,2022-08-30 02:54:51,,2022-08-26 00:40:57
2022-08-14 18:26:44,2022-09-07 14:12:29,2022-09-08 19:51:28,2022-08-24 22:07:17,2022-11-01 15:54:17,2022-08-14 18:26:44,2022-08-30 18:02:33,,2022-08-26 17:27:08
2022-08-14 22:46:42,2022-09-07 21:09:09,2022-09-08 20:54:01,2022-08-25 00:40:29,2022-11-01 17:17:56,2022-08-14 22:46:42,2022-08-30 18:46:43,,2022-08-26 23:56:03
2022-08-15 00:35:22,2022-09-08 18:26:21,2022-09-09 06:48:40,2022-08-25 13:22:20,2022-11-02 00:03:28,2022-08-15 00:35:22,2022-08-30 21:02:23,,2022-08-27 12:50:29
2022-08-15 07:57:01,2022-09-08 20:25:21,2022-09-09 07:53:53,2022-08-25 17:55:23,2022-11-02 10:10:07,2022-08-15 07:57:01,2022-08-30 21:23:29,,2022-08-27 19:02:41
2022-08-15 09:08:29,2022-09-08 21:57:34,2022-09-09 10:22:53,2022-08-25 20:34:09,2022-11-02 12:13:33,2022-08-15 09:08:29,2022-08-30 22:21:35,,2022-08-27 21:46:14
2022-08-15 10:55:35,2022-09-08 22:45:55,2022-09-12 18:51:42,2022-08-25 20:49:57,2022-11-02 13:16:14,2022-08-15 10:55:35,2022-08-30 23:09:06,,2022-08-28 00:36:27
2022-08-15 14:57:43,2022-09-09 00:24:40,2022-09-12 20:05:44,2022-08-25 23:11:48,2022-11-02 18:31:09,2022-08-15 14:57:43,2022-08-31 15:43:39,,2022-08-28 02:06:02
2022-08-15 19:54:56,2022-09-09 00:29:44,2022-09-13 09:29:37,2022-08-26 20:31:56,2022-11-02 21:42:29,2022-08-15 19:54:56,2022-08-31 18:47:51,,2022-08-28 10:08:53
2022-08-15 20:49:16,2022-09-09 19:57:57,2022-09-13 13:23:31,2022-08-27 10:02:47,2022-11-02 22:13:19,2022-08-15 20:49:16,2022-08-31 20:58:04,,2022-08-28 15:36:06
2022-08-16 08:34:12,2022-09-09 22:16:48,2022-09-13 18:56:15,2022-08-27 11:56:10,2022-11-03 00:21:37,2022-08-16 08:34:12,2022-08-31 22:17:24,,2022-08-28 19:54:37
2022-08-16 11:04:43,2022-09-10 11:31:05,2022-09-13 19:37:36,2022-08-27 14:51:33,2022-11-03 12:55:42,2022-08-16 11:04:43,2022-09-01 18:39:53,,2022-08-28 21:36:44
2022-08-16 12:23:31,2022-09-10 12:10:10,2022-09-14 08:19:40,2022-08-27 17:03:37,2022-11-03 17:53:10,2022-08-16 12:23:31,2022-09-01 21:40:26,,2022-08-29 03:38:23
2022-08-16 14:03:40,2022-09-10 20:50:55,2022-09-14 18:50:24,2022-08-27 18:52:31,2022-11-04 00:25:18,2022-08-16 14:03:40,2022-09-02 13:58:23,,2022-08-29 11:17:20
2022-08-16 17:57:01,2022-09-11 18:21:07,2022-09-14 21:22:52,2022-08-27 21:36:53,2022-11-04 10:06:35,2022-08-16 17:57:01,2022-09-03 22:15:03,,2022-08-29 11:48:15
2022-08-16 21:03:32,2022-09-12 14:57:52,2022-09-14 21:42:53,2022-08-28 01:28:16,2022-11-04 19:09:52,2022-08-16 21:03:32,2022-09-04 04:00:28,,2022-08-29 20:53:29
2022-08-16 21:43:01,2022-09-12 18:22:35,2022-09-15 00:48:32,2022-08-28 11:25:33,2022-11-04 21:53:59,2022-08-16 21:43:01,2022-09-04 11:48:55,,2022-08-30 01:41:01
2022-08-16 23:05:58,2022-09-14 17:56:34,2022-09-15 07:12:54,2022-08-28 13:35:21,2022-11-05 00:02:04,2022-08-16 23:05:58,2022-09-04 23:38:24,,2022-08-30 19:02:58
2022-08-17 08:18:17,2022-09-14 20:51:30,2022-09-15 07:31:36,2022-08-28 15:49:19,2022-11-05 18:36:20,2022-08-17 08:18:17,2022-09-05 10:37:10,,2022-08-30 21:31:14
2022-08-17 13:57:17,2022-09-14 23:01:59,2022-09-15 13:50:24,2022-08-28 18:18:42,2022-11-05 19:43:29,2022-08-17 13:57:17,2022-09-05 12:52:56,,2022-08-31 00:18:58
2022-08-17 18:00:50,2022-09-14 23:32:44,2022-09-15 15:28:28,2022-08-28 18:18:49,,2022-08-17 18:00:50,2022-09-06 04:56:55,,2022-08-31 17:26:51
2022-08-17 19:20:44,2022-09-15 00:15:42,2022-09-15 21:55:09,2022-08-28 22:21:43,,2022-08-17 19:20:44,2022-09-06 14:02:30,,2022-09-01 00:45:30
2022-08-17 22:20:10,2022-09-15 14:39:53,2022-09-16 06:46:17,2022-08-28 23:01:37,,2022-08-17 22:20:10,2022-09-07 14:37:28,,2022-09-01 02:02:52
2022-08-18 00:14:50,2022-09-16 12:08:37,2022-09-16 10:39:41,2022-08-29 01:27:41,,2022-08-18 00:14:50,2022-09-08 01:13:42,,2022-09-01 10:52:18
2022-08-18 07:45:12,2022-09-16 16:44:59,2022-09-16 18:43:18,2022-08-29 13:46:25,,2022-08-18 07:45:12,2022-09-08 08:23:43,,2022-09-01 12:07:47
2022-08-18 10:36:28,2022-09-16 22:01:47,2022-09-17 08:37:47,2022-08-29 14:29:00,,2022-08-18 10:36:28,2022-09-09 08:58:16,,2022-09-01 14:02:08
2022-08-18 17:08:57,2022-09-16 23:10:16,2022-09-17 09:29:55,2022-08-29 19:41:50,,2022-08-18 17:08:57,2022-09-09 13:13:58,,2022-09-01 15:31:51
2022-08-18 19:59:22,2022-09-17 10:47:40,2022-09-17 10:02:44,2022-08-30 13:53:54,,2022-08-18 19:59:22,2022-09-09 21:04:13,,2022-09-01 22:35:50
2022-08-18 20:41:08,2022-09-17 15:26:48,2022-09-17 12:58:16,2022-08-30 19:56:21,,2022-08-18 20:41:08,2022-09-09 23:54:03,,2022-09-02 01:41:04
2022-08-18 22:39:51,2022-09-18 23:39:23,2022-09-18 10:13:40,2022-08-31 00:33:36,,2022-08-18 22:39:51,2022-09-10 10:30:23,,2022-09-02 09:49:22
2022-08-18 23:53:00,2022-09-19 22:43:27,2022-09-18 10:53:28,2022-08-31 00:56:19,,2022-08-18 23:53:00,2022-09-10 10:34:10,,2022-09-02 12:30:39
2022-08-19 00:45:11,2022-09-19 23:01:36,2022-09-18 19:32:16,2022-08-31 18:33:35,,2022-08-19 00:45:11,2022-09-10 15:24:46,,2022-09-02 14:09:04
2022-08-19 10:38:01,2022-09-20 00:52:03,2022-09-19 10:16:12,2022-08-31 23:17:30,,2022-08-19 10:38:01,2022-09-10 20:49:56,,2022-09-02 18:18:36
2022-08-19 11:18:49,2022-09-20 11:41:15,2022-09-19 14:07:09,2022-08-31 23:18:35,,2022-08-19 11:18:49,2022-09-11 08:53:39,,2022-09-03 03:00:29
2022-08-19 14:41:10,2022-09-20 18:19:30,2022-09-19 17:30:32,2022-09-01 10:34:05,,2022-08-19 14:41:10,2022-09-11 11:37:27,,2022-09-03 10:22:22
2022-08-19 17:36:16,2022-09-20 21:53:31,2022-09-20 14:04:36,2022-09-01 11:07:24,,2022-08-19 17:36:16,2022-09-11 13:48:22,,2022-09-03 14:17:46
2022-08-20 00:20:16,2022-09-21 02:24:35,2022-09-20 15:57:23,2022-09-01 11:35:28,,2022-08-20 00:20:16,2022-09-11 21:48:52,,2022-09-03 17:15:28
2022-08-20 14:50:32,2022-09-21 22:15:33,2022-09-20 18:11:22,2022-09-01 13:02:58,,2022-08-20 14:50:32,2022-09-12 19:45:00,,2022-09-03 19:50:56
2022-08-20 16:25:34,2022-09-22 01:26:48,2022-09-20 20:36:56,2022-09-01 14:21:06,,2022-08-20 16:25:34,2022-09-13 01:25:28,,2022-09-04 03:41:14
2022-08-20 21:56:50,2022-09-22 13:48:20,2022-09-20 21:55:51,2022-09-01 15:00:45,,2022-08-20 21:56:50,2022-09-13 23:32:03,,2022-09-04 11:56:55
2022-08-21 04:17:46,2022-09-22 13:51:14,2022-09-20 23:19:48,2022-09-01 16:44:17,,2022-08-21 04:17:46,2022-09-14 00:57:58,,2022-09-04 18:44:39
2022-08-21 09:54:51,2022-09-22 15:32:47,2022-09-21 08:43:19,2022-09-01 18:23:45,,2022-08-21 09:54:51,2022-09-14 23:35:32,,2022-09-04 22:18:41
2022-08-21 12:37:49,2022-09-22 18:31:25,2022-09-21 12:41:03,2022-09-01 20:30:34,,2022-08-21 12:37:49,2022-09-16 16:06:45,,2022-09-05 01:48:17
2022-08-21 12:59:57,2022-09-22 22:06:24,2022-09-21 21:30:22,2022-09-01 22:25:30,,2022-08-21 12:59:57,2022-09-17 03:05:30,,2022-09-05 13:41:47
2022-08-21 13:38:48,2022-09-22 23:20:23,2022-09-21 23:07:01,2022-09-01 22:50:45,,2022-08-21 13:38:48,2022-09-18 20:11:49,,2022-09-05 16:10:35
2022-08-21 18:21:57,2022-09-23 18:53:20,2022-09-22 07:04:54,2022-09-01 23:28:21,,2022-08-21 18:21:57,2022-09-18 22:21:40,,2022-09-05 19:16:10
2022-08-21 21:32:46,2022-09-23 18:59:08,2022-09-22 08:37:40,2022-09-02 00:47:55,,2022-08-21 21:32:46,2022-09-19 21:55:06,,2022-09-06 00:42:55
2022-08-21 23:58:23,2022-09-23 20:10:32,2022-09-22 09:28:20,2022-09-02 02:33:08,,2022-08-21 23:58:23,2022-09-20 01:45:13,,2022-09-06 11:53:58
2022-08-22 17:04:40,2022-09-23 21:26:55,2022-09-22 12:30:06,2022-09-02 08:46:36,,2022-08-22 17:04:40,2022-09-20 18:28:34,,2022-09-06 14:31:07
2022-08-22 22:06:47,2022-09-24 14:41:38,2022-09-22 17:07:10,2022-09-02 09:45:20,,2022-08-22 22:06:47,2022-09-20 20:05:12,,2022-09-06 17:40:12
2022-08-22 23:15:36,2022-09-24 20:05:30,2022-09-22 18:24:13,2022-09-02 11:07:45,,2022-08-22 23:15:36,2022-09-20 22:15:52,,2022-09-06 20:39:18
2022-08-23 14:02:34,2022-09-24 20:22:55,2022-09-22 18:36:11,2022-09-02 11:11:24,,2022-08-23 14:02:34,2022-09-21 12:13:44,,2022-09-06 21:58:40
2022-08-23 17:54:42,2022-09-24 20:50:24,2022-09-22 20:28:09,2022-09-02 13:29:00,,2022-08-23 17:54:42,2022-09-21 13:04:15,,2022-09-07 00:42:41
2022-08-23 19:38:06,2022-09-24 21:53:25,2022-09-22 21:23:49,2022-09-02 13:59:28,,2022-08-23 19:38:06,2022-09-21 17:45:34,,2022-09-07 11:43:53
2022-08-23 20:42:02,2022-09-25 13:25:50,2022-09-23 06:31:08,2022-09-02 17:11:02,,2022-08-23 20:42:02,2022-09-21 18:16:31,,2022-09-07 14:45:33
2022-08-23 22:01:10,2022-09-25 17:20:11,2022-09-23 13:26:31,2022-09-02 19:22:06,,2022-08-23 22:01:10,2022-09-21 22:20:50,,2022-09-07 20:39:34
2022-08-24 07:47:40,2022-09-25 18:18:14,2022-09-23 16:37:07,2022-09-02 21:37:47,,2022-08-24 07:47:40,2022-09-22 00:05:35,,2022-09-07 21:53:27
2022-08-24 14:02:42,2022-09-25 20:07:43,2022-09-23 18:02:30,2022-09-02 22:43:25,,2022-08-24 14:02:42,2022-09-22 00:42:31,,2022-09-08 00:51:26
2022-08-24 19:08:53,2022-09-26 13:34:18,2022-09-23 18:22:23,2022-09-03 14:47:28,,2022-08-24 19:08:53,2022-09-22 08:36:47,,2022-09-08 08:11:53
2022-08-24 22:39:11,2022-09-26 15:19:40,2022-09-23 18:42:12,2022-09-04 02:20:18,,2022-08-24 22:39:11,2022-09-22 14:52:24,,2022-09-08 14:16:40
2022-08-25 09:51:14,2022-09-26 20:01:49,2022-09-23 19:51:29,2022-09-04 09:50:56,,2022-08-25 09:51:14,2022-09-22 15:00:56,,2022-09-08 18:00:59
2022-08-25 11:44:05,2022-09-26 22:22:49,2022-09-24 07:16:50,2022-09-04 10:37:19,,2022-08-25 11:44:05,2022-09-22 18:38:03,,2022-09-08 19:15:11
2022-08-25 13:22:43,2022-09-27 13:32:30,2022-09-24 08:40:40,2022-09-04 17:54:42,,2022-08-25 13:22:43,2022-09-22 18:52:07,,2022-09-08 21:35:07
2022-08-25 18:34:49,2022-09-27 18:11:15,2022-09-24 16:01:06,2022-09-04 19:43:01,,2022-08-25 18:34:49,2022-09-22 20:09:37,,2022-09-08 23:52:29
2022-08-25 19:49:11,2022-09-27 21:17:00,2022-09-24 19:23:07,2022-09-04 23:32:48,,2022-08-25 19:49:11,2022-09-23 03:37:24,,2022-09-09 00:45:39
2022-08-25 20:50:27,2022-09-27 21:49:34,2022-09-24 22:12:09,2022-09-05 02:40:10,,2022-08-25 20:50:27,2022-09-23 05:22:26,,2022-09-09 11:07:46
2022-08-25 21:44:22,2022-09-28 00:28:20,2022-09-25 08:16:19,2022-09-05 10:18:56,,2022-08-25 21:44:22,2022-09-23 05:56:22,,2022-09-09 16:14:08
2022-08-25 21:52:37,2022-09-28 18:28:04,2022-09-25 17:19:04,2022-09-05 12:02:22,,2022-08-25 21:52:37,2022-09-23 06:31:05,,2022-09-09 22:17:21
2022-08-26 09:33:44,2022-09-29 01:32:49,2022-09-25 23:07:39,2022-09-05 15:07:44,,2022-08-26 09:33:44,2022-09-23 13:30:51,,2022-09-10 01:59:55
2022-08-26 14:38:15,2022-09-29 11:46:32,2022-09-26 09:52:12,2022-09-05 18:34:38,,2022-08-26 14:38:15,2022-09-23 14:39:44,,2022-09-10 07:34:53
2022-08-27 00:31:40,2022-09-29 16:50:23,2022-09-26 17:09:35,2022-09-05 20:49:15,,2022-08-27 00:31:40,2022-09-23 16:35:30,,2022-09-10 10:38:04
2022-08-27 10:38:43,2022-09-29 18:08:33,2022-09-26 18:36:40,2022-09-06 04:37:43,,2022-08-27 10:38:43,2022-09-23 17:15:08,,2022-09-10 15:35:15
2022-08-27 10:53:15,2022-09-29 18:53:40,2022-09-26 20:31:12,2022-09-06 08:59:29,,2022-08-27 10:53:15,2022-09-23 17:40:11,,2022-09-10 22:05:07
2022-08-27 12:20:54,2022-09-29 22:14:49,2022-09-26 21:31:43,2022-09-06 14:14:36,,2022-08-27 12:20:54,2022-09-23 20:33:57,,2022-09-10 22:45:21
2022-08-27 16:47:54,2022-09-29 23:57:48,2022-09-26 23:11:13,2022-09-06 14:48:46,,2022-08-27 16:47:54,2022-09-23 21:05:00,,2022-09-11 10:10:15
2022-08-27 17:07:29,2022-09-30 00:47:39,2022-09-27 09:06:44,2022-09-06 18:35:42,,2022-08-27 17:07:29,2022-09-24 04:40:27,,2022-09-11 14:53:23
2022-08-27 21:17:54,2022-09-30 02:58:24,2022-09-27 16:47:49,2022-09-07 01:24:54,,2022-08-27 21:17:54,2022-09-24 08:35:05,,2022-09-11 15:40:55
2022-08-28 11:25:15,2022-09-30 19:04:12,2022-09-27 18:39:16,2022-09-07 10:58:45,,2022-08-28 11:25:15,2022-09-24 13:02:13,,2022-09-11 19:32:13
2022-08-28 13:18:38,2022-09-30 22:30:42,2022-09-27 19:08:58,2022-09-07 11:15:22,,2022-08-28 13:18:38,2022-09-24 14:43:59,,2022-09-11 20:08:12
2022-08-28 14:35:59,2022-10-01 17:51:50,2022-09-27 20:49:53,2022-09-07 14:10:49,,2022-08-28 14:35:59,2022-09-24 19:24:59,,2022-09-11 21:01:04
2022-08-28 19:25:30,2022-10-01 19:55:46,2022-09-27 21:46:18,2022-09-07 16:58:15,,2022-08-28 19:25:30,2022-09-25 01:20:53,,2022-09-11 22:12:30
2022-08-28 19:43:06,2022-10-01 22:06:21,2022-09-27 22:18:22,2022-09-07 19:49:07,,2022-08-28 19:43:06,2022-09-25 12:45:58,,2022-09-12 11:21:15
2022-08-29 13:39:14,2022-10-02 18:16:25,2022-09-28 00:30:40,2022-09-08 01:07:45,,2022-08-29 13:39:14,2022-09-25 12:53:43,,2022-09-12 19:51:12
2022-08-29 17:53:03,2022-10-02 20:13:53,2022-09-28 01:17:05,2022-09-08 02:20:38,,2022-08-29 17:53:03,2022-09-25 15:37:36,,2022-09-12 23:57:30
2022-08-29 20:54:18,2022-10-02 22:42:44,2022-09-28 11:53:35,2022-09-08 09:10:20,,2022-08-29 20:54:18,2022-09-25 20:11:23,,2022-09-13 02:38:04
2022-08-30 01:17:27,2022-10-03 00:45:35,2022-09-28 17:21:12,2022-09-08 09:24:16,,2022-08-30 01:17:27,2022-09-26 00:03:45,,2022-09-13 10:03:43
2022-08-30 15:08:27,2022-10-03 02:19:52,2022-09-28 19:34:50,2022-09-08 11:59:45,,2022-08-30 15:08:27,2022-09-26 11:49:50,,2022-09-13 14:12:23
2022-08-30 22:28:06,2022-10-03 06:43:30,2022-09-28 23:05:37,2022-09-08 13:57:25,,2022-08-30 22:28:06,2022-09-26 14:42:33,,2022-09-13 19:23:47
2022-08-30 22:47:18,2022-10-03 19:20:49,2022-09-28 23:26:54,2022-09-08 15:48:49,,2022-08-30 22:47:18,2022-09-26 19:07:03,,2022-09-13 22:15:50
2022-08-31 10:39:04,2022-10-04 01:48:23,2022-09-29 06:31:48,2022-09-08 15:49:57,,2022-08-31 10:39:04,2022-09-26 22:57:57,,2022-09-14 08:57:19
2022-08-31 13:55:57,2022-10-04 18:47:29,2022-09-29 11:06:57,2022-09-08 17:12:05,,2022-08-31 13:55:57,2022-09-27 02:10:07,,2022-09-14 09:52:44
2022-08-31 18:25:58,2022-10-05 23:05:05,2022-09-29 18:36:42,2022-09-08 20:06:57,,2022-08-31 18:25:58,2022-09-27 02:36:41,,2022-09-14 20:26:03
2022-08-31 19:29:28,2022-10-06 21:58:52,2022-09-29 18:37:18,2022-09-08 22:42:44,,2022-08-31 19:29:28,2022-09-27 04:09:01,,2022-09-14 22:37:03
2022-08-31 21:55:47,2022-10-06 22:25:26,2022-09-29 23:00:58,2022-09-09 02:16:03,,2022-08-31 21:55:47,2022-09-27 21:19:04,,2022-09-15 10:52:57
2022-09-01 09:12:49,2022-10-07 01:35:05,2022-09-30 07:41:38,2022-09-09 11:08:40,,2022-09-01 09:12:49,2022-09-27 22:42:56,,2022-09-15 20:07:28
2022-09-01 11:52:22,2022-10-07 18:47:38,2022-09-30 16:56:07,2022-09-09 13:21:22,,2022-09-01 11:52:22,2022-09-28 03:32:05,,2022-09-15 22:02:56
2022-09-01 14:27:59,2022-10-07 22:37:29,2022-09-30 18:17:13,2022-09-09 16:18:48,,2022-09-01 14:27:59,2022-09-28 04:03:12,,2022-09-16 06:12:37
2022-09-01 17:55:13,2022-10-08 00:34:31,2022-10-01 05:35:13,2022-09-09 21:05:00,,2022-09-01 17:55:13,2022-09-28 04:28:10,,2022-09-16 11:18:05
2022-09-01 22:37:10,2022-10-09 05:43:13,2022-10-10 17:57:59,2022-09-09 23:55:20,,2022-09-01 22:37:10,2022-09-28 08:41:10,,2022-09-16 13:33:13
2022-09-01 22:50:48,2022-10-09 15:38:31,2022-10-10 20:13:54,2022-09-10 02:02:28,,2022-09-01 22:50:48,2022-09-28 20:18:41,,2022-09-16 22:24:33
2022-09-02 14:20:57,2022-10-09 19:13:37,2022-10-10 22:23:13,2022-09-10 07:51:07,,2022-09-02 14:20:57,2022-09-29 01:51:28,,2022-09-17 01:20:51
2022-09-02 17:04:42,2022-10-09 20:20:42,2022-10-11 07:04:03,2022-09-10 10:23:57,,2022-09-02 17:04:42,2022-09-29 08:46:46,,2022-09-17 10:03:56
2022-09-02 22:15:25,2022-10-09 21:08:00,2022-10-11 11:59:14,2022-09-10 10:36:58,,2022-09-02 22:15:25,2022-09-29 11:46:22,,2022-09-17 18:23:24
2022-09-03 09:25:35,2022-10-10 23:16:03,2022-10-11 13:44:58,2022-09-10 12:48:17,,2022-09-03 09:25:35,2022-09-29 16:53:32,,2022-09-17 21:30:14
2022-09-03 14:45:09,2022-10-11 19:47:06,2022-10-11 16:27:23,2022-09-10 13:40:40,,2022-09-03 14:45:09,2022-09-29 18:37:02,,2022-09-17 22:16:28
2022-09-03 21:53:17,2022-10-11 20:43:10,2022-10-11 18:15:03,2022-09-10 14:46:13,,2022-09-03 21:53:17,2022-09-30 14:09:12,,2022-09-18 00:51:20
2022-09-04 09:47:19,2022-10-11 22:36:32,2022-10-11 22:48:13,2022-09-10 17:32:39,,2022-09-04 09:47:19,2022-09-30 23:20:08,,2022-09-18 09:43:44
2022-09-04 16:54:39,2022-10-11 22:46:29,2022-10-12 06:48:22,2022-09-10 19:39:58,,2022-09-04 16:54:39,2022-10-01 00:53:37,,2022-09-18 10:09:22
2022-09-04 19:51:35,2022-10-12 12:48:25,2022-10-12 18:06:40,2022-09-10 22:18:40,,2022-09-04 19:51:35,2022-10-01 01:46:38,,2022-09-18 11:31:05
2022-09-04 22:39:19,2022-10-12 14:30:19,2022-10-13 00:13:55,2022-09-11 01:04:01,,2022-09-04 22:39:19,2022-10-01 18:33:12,,2022-09-18 23:13:24
2022-09-05 15:59:24,2022-10-12 20:58:03,2022-10-13 01:12:12,2022-09-11 02:43:00,,2022-09-05 15:59:24,2022-10-01 21:40:23,,2022-09-19 01:41:52
2022-09-05 20:09:07,2022-10-12 22:00:07,2022-10-13 08:54:16,2022-09-11 10:54:58,,2022-09-05 20:09:07,2022-10-02 01:47:34,,2022-09-19 14:23:48
2022-09-05 21:52:00,2022-10-13 01:04:03,2022-10-13 13:47:48,2022-09-11 12:48:28,,2022-09-05 21:52:00,2022-10-02 03:43:30,,2022-09-19 17:32:43
2022-09-06 14:30:58,2022-10-13 03:08:47,2022-10-13 19:42:06,2022-09-11 18:56:18,,2022-09-06 14:30:58,2022-10-02 05:17:14,,2022-09-20 00:38:44
2022-09-06 17:41:19,2022-10-14 01:18:52,2022-10-14 07:04:32,2022-09-11 20:46:39,,2022-09-06 17:41:19,2022-10-02 15:13:17,,2022-09-20 08:44:13
2022-09-07 14:19:06,2022-10-15 11:46:06,2022-10-14 08:15:52,2022-09-11 21:44:13,,2022-09-07 14:19:06,2022-10-02 17:22:09,,2022-09-20 12:26:40
2022-09-07 17:46:56,2022-10-15 14:12:35,2022-10-14 10:32:22,2022-09-11 21:44:17,,2022-09-07 17:46:56,2022-10-02 18:17:17,,2022-09-20 14:32:10
2022-09-07 18:41:18,2022-10-15 22:46:49,2022-10-14 20:05:30,2022-09-12 00:19:33,,2022-09-07 18:41:18,2022-10-02 20:54:09,,2022-09-21 00:54:14
2022-09-08 12:36:15,2022-10-16 01:41:25,2022-10-14 22:34:48,2022-09-12 09:57:11,,2022-09-08 12:36:15,2022-10-02 22:51:57,,2022-09-21 10:20:48
2022-09-08 14:45:59,2022-10-16 14:09:44,2022-10-14 23:15:10,2022-09-12 13:58:49,,2022-09-08 14:45:59,2022-10-03 15:24:07,,2022-09-21 14:42:47
2022-09-08 19:28:42,2022-10-17 14:21:16,2022-10-15 08:32:26,2022-09-12 14:17:34,,2022-09-08 19:28:42,2022-10-03 22:43:47,,2022-09-21 17:37:09
2022-09-08 23:17:10,2022-10-17 19:16:10,2022-10-15 22:47:27,2022-09-12 17:17:21,,2022-09-08 23:17:10,2022-10-04 05:14:24,,2022-09-21 20:47:02
2022-09-09 03:56:36,2022-10-18 00:22:16,2022-10-16 08:00:35,2022-09-12 20:27:07,,2022-09-09 03:56:36,2022-10-04 22:22:31,,2022-09-22 10:02:18
2022-09-09 12:19:47,2022-10-19 00:02:38,2022-10-16 08:33:26,2022-09-13 01:23:43,,2022-09-09 12:19:47,2022-10-05 05:53:04,,2022-09-22 11:00:42
2022-09-09 14:06:02,2022-10-19 16:27:54,2022-10-16 19:47:36,2022-09-13 07:52:42,,2022-09-09 14:06:02,2022-10-05 06:57:42,,2022-09-22 12:22:08
2022-09-09 15:46:44,2022-11-01 19:03:17,2022-10-16 22:36:22,2022-09-13 11:39:07,,2022-09-09 15:46:44,2022-10-05 17:12:32,,2022-09-22 14:49:29
2022-09-09 19:23:01,2022-11-01 20:24:25,2022-10-17 01:10:21,2022-09-13 19:45:41,,2022-09-09 19:23:01,2022-10-05 22:15:18,,2022-09-22 18:48:19
2022-09-09 22:24:16,2022-11-01 23:56:11,2022-10-17 09:10:09,2022-09-13 20:26:07,,2022-09-09 22:24:16,2022-10-05 22:21:14,,2022-09-22 22:13:02
2022-09-10 10:42:39,2022-11-02 04:08:52,2022-10-17 10:08:11,2022-09-14 00:20:59,,2022-09-10 10:42:39,2022-10-06 04:06:16,,2022-09-23 13:30:25
2022-09-10 10:45:56,2022-11-02 12:39:44,2022-10-17 10:18:02,2022-09-14 08:56:31,,2022-09-10 10:45:56,2022-10-06 07:48:29,,2022-09-23 22:02:13
2022-09-10 11:57:42,2022-11-02 13:40:43,2022-10-17 12:10:03,2022-09-14 10:15:06,,2022-09-10 11:57:42,2022-10-06 09:42:26,,2022-09-23 23:31:10
2022-09-10 18:57:50,2022-11-02 14:05:55,2022-10-17 18:05:16,2022-09-14 13:47:34,,2022-09-10 18:57:50,2022-10-06 20:20:59,,2022-09-24 03:26:38
2022-09-10 22:19:08,2022-11-02 14:20:30,2022-10-17 20:03:41,2022-09-14 13:48:17,,2022-09-10 22:19:08,2022-10-07 01:54:55,,2022-09-24 12:55:28
2022-09-10 23:13:38,2022-11-02 15:54:42,2022-10-17 22:37:07,2022-09-14 16:47:51,,2022-09-10 23:13:38,2022-10-07 05:00:02,,2022-09-24 17:19:30
2022-09-11 00:36:32,2022-11-03 20:49:41,2022-10-18 06:57:38,2022-09-14 18:54:58,,2022-09-11 00:36:32,2022-10-07 21:52:01,,2022-09-24 22:44:37
2022-09-11 02:41:03,2022-11-04 00:33:38,2022-10-18 09:01:51,2022-09-14 23:22:37,,2022-09-11 02:41:03,2022-10-07 23:56:24,,2022-09-25 03:15:43
2022-09-11 09:12:59,2022-11-04 14:15:48,2022-10-18 15:16:08,2022-09-14 23:30:26,,2022-09-11 09:12:59,2022-10-08 00:46:09,,2022-09-25 12:44:03
2022-09-11 13:40:46,2022-11-04 19:03:00,2022-10-19 00:09:03,2022-09-15 01:04:36,,2022-09-11 13:40:46,2022-10-08 02:26:18,,2022-09-25 22:20:43
2022-09-11 23:02:14,2022-11-04 22:27:22,2022-10-19 07:05:35,2022-09-15 09:05:16,,2022-09-11 23:02:14,2022-10-08 09:22:38,,2022-09-26 14:51:30
2022-09-12 13:27:52,2022-11-05 17:06:24,2022-10-19 08:56:16,2022-09-15 12:17:05,,2022-09-12 13:27:52,2022-10-08 12:53:03,,2022-09-26 18:25:25
2022-09-13 10:31:11,2022-11-05 18:22:31,2022-10-19 14:16:41,2022-09-15 14:51:12,,2022-09-13 10:31:11,2022-10-09 05:32:57,,2022-09-27 02:26:42
2022-09-13 12:19:01,2022-11-05 17:06:24,2022-10-19 19:50:44,2022-09-15 14:51:17,,2022-09-13 12:19:01,2022-10-09 07:04:49,,2022-09-27 12:37:04
2022-09-13 14:34:54,2022-11-05 18:22:31,2022-10-19 23:07:30,2022-09-15 16:20:26,,2022-09-13 14:34:54,2022-10-09 08:26:13,,2022-09-27 13:02:44
2022-09-13 15:45:32,,2022-10-20 06:35:38,2022-09-15 19:04:57,,2022-09-13 15:45:32,2022-10-09 09:54:06,,2022-09-27 16:12:24
2022-09-13 18:30:20,,2022-10-20 12:52:19,2022-09-15 23:38:32,,2022-09-13 18:30:20,2022-10-09 10:19:49,,2022-09-27 18:32:03
2022-09-13 20:34:19,,2022-10-20 18:40:36,2022-09-16 19:01:04,,2022-09-13 20:34:19,2022-10-09 12:01:57,,2022-09-27 22:54:53
2022-09-13 22:59:03,,2022-10-20 20:11:47,2022-09-16 21:09:21,,2022-09-13 22:59:03,2022-10-09 13:55:18,,2022-09-28 11:28:57
2022-09-14 01:33:09,,2022-10-20 23:36:24,2022-09-17 08:04:43,,2022-09-14 01:33:09,2022-10-10 04:39:12,,2022-09-28 21:00:26
2022-09-14 02:30:23,,2022-10-21 06:34:25,2022-09-17 16:43:35,,2022-09-14 02:30:23,2022-10-11 04:58:37,,2022-09-29 08:11:15
2022-09-14 11:27:44,,2022-10-21 13:52:14,2022-09-17 22:42:47,,2022-09-14 11:27:44,2022-10-12 05:07:07,,2022-09-29 09:34:01
2022-09-14 21:05:38,,2022-10-21 14:30:41,2022-09-17 23:48:19,,2022-09-14 21:05:38,2022-10-13 05:13:34,,2022-09-29 11:59:07
2022-09-14 22:36:14,,2022-10-21 14:55:47,2022-09-18 00:05:11,,2022-09-14 22:36:14,2022-10-13 11:49:16,,2022-09-29 21:25:05
2022-09-14 22:47:21,,2022-10-25 17:15:55,2022-09-18 11:30:32,,2022-09-14 22:47:21,2022-10-14 06:05:30,,2022-09-30 09:14:48
2022-09-15 12:01:16,,2022-10-26 07:47:45,2022-09-18 12:35:02,,2022-09-15 12:01:16,2022-10-14 06:50:18,,2022-09-30 12:22:08
2022-09-15 18:13:44,,2022-10-26 10:58:42,2022-09-18 14:05:27,,2022-09-15 18:13:44,2022-10-14 11:37:20,,2022-10-10 16:19:06
2022-09-15 22:09:00,,2022-10-26 13:16:26,2022-09-18 23:40:30,,2022-09-15 22:09:00,2022-10-15 05:25:52,,2022-10-10 20:01:53
2022-09-16 00:17:52,,2022-10-26 19:23:52,2022-09-18 23:48:29,,2022-09-16 00:17:52,2022-10-15 11:59:17,,2022-10-10 20:56:47
2022-09-16 10:21:02,,2022-10-26 21:00:55,2022-09-19 10:15:53,,2022-09-16 10:21:02,2022-10-15 15:19:57,,2022-10-10 23:43:36
2022-09-16 16:39:55,,2022-10-26 22:30:25,2022-09-19 12:04:07,,2022-09-16 16:39:55,2022-10-15 21:13:24,,2022-10-11 10:07:06
2022-09-16 23:05:00,,2022-10-27 08:34:48,2022-09-19 12:04:48,,2022-09-16 23:05:00,2022-10-15 22:14:38,,2022-10-11 14:12:06
2022-09-16 23:39:26,,2022-10-27 12:28:35,2022-09-19 18:54:32,,2022-09-16 23:39:26,2022-10-16 11:09:56,,2022-10-11 17:15:55
2022-09-17 11:24:42,,2022-10-27 13:00:39,2022-09-19 19:27:44,,2022-09-17 11:24:42,2022-10-16 15:34:26,,2022-10-11 22:56:53
2022-09-17 12:00:54,,2022-10-27 19:46:06,2022-09-19 22:49:06,,2022-09-17 12:00:54,2022-10-17 09:39:32,,2022-10-12 13:05:41
2022-09-17 18:36:43,,2022-10-27 21:56:29,2022-09-19 22:57:11,,2022-09-17 18:36:43,2022-10-17 14:35:36,,2022-10-12 17:15:38
2022-09-17 22:21:59,,2022-10-28 10:34:33,2022-09-20 10:17:04,,2022-09-17 22:21:59,2022-10-17 22:46:17,,2022-10-13 01:20:29
2022-09-18 11:26:18,,2022-10-28 19:00:57,2022-09-20 13:21:46,,2022-09-18 11:26:18,2022-10-19 03:58:12,,2022-10-13 08:13:24
2022-09-18 17:18:54,,2022-10-29 00:07:25,2022-09-20 14:26:23,,2022-09-18 17:18:54,2022-10-19 08:11:08,,2022-10-13 17:17:02
2022-09-18 22:08:28,,2022-10-29 00:50:36,2022-09-20 20:12:50,,2022-09-18 22:08:28,2022-10-19 16:01:36,,2022-10-13 20:37:59
2022-09-19 00:28:22,,2022-10-29 08:13:34,2022-09-21 09:55:49,,2022-09-19 00:28:22,2022-10-20 11:41:24,,2022-10-14 19:37:36
2022-09-19 02:48:08,,2022-10-29 12:36:45,2022-09-21 11:30:22,,2022-09-19 02:48:08,2022-10-20 20:18:22,,2022-10-14 21:39:41
2022-09-19 11:51:19,,2022-10-29 15:22:52,2022-09-21 11:59:05,,2022-09-19 11:51:19,2022-10-21 08:06:13,,2022-10-14 22:51:07
2022-09-19 22:00:44,,2022-10-30 06:51:20,2022-09-21 15:04:27,,2022-09-19 22:00:44,2022-10-21 19:44:44,,2022-10-15 09:03:41
2022-09-19 23:36:03,,2022-10-30 14:43:36,2022-09-21 18:48:03,,2022-09-19 23:36:03,2022-10-22 02:40:22,,2022-10-15 20:00:36
2022-09-20 10:54:23,,2022-10-30 18:50:15,2022-09-21 20:58:42,,2022-09-20 10:54:23,2022-10-22 14:46:07,,2022-10-15 21:09:18
2022-09-20 14:24:30,,2022-10-30 18:51:06,2022-09-21 23:33:44,,2022-09-20 14:24:30,2022-10-22 21:36:33,,2022-10-15 22:06:22
2022-09-20 18:24:09,,2022-10-31 13:46:50,2022-09-22 10:07:45,,2022-09-20 18:24:09,2022-10-23 15:57:04,,2022-10-15 22:54:58
2022-09-20 19:15:19,,2022-10-31 22:40:26,2022-09-22 11:38:57,,2022-09-20 19:15:19,2022-10-23 16:13:56,,2022-10-16 10:32:53
2022-09-21 11:24:24,,2022-11-01 07:55:48,2022-09-22 19:39:47,,2022-09-21 11:24:24,2022-10-24 02:35:59,,2022-10-16 13:59:21
2022-09-21 13:47:37,,2022-11-01 14:29:57,2022-09-22 22:56:32,,2022-09-21 13:47:37,2022-10-25 23:13:14,,2022-10-16 15:39:38
2022-09-21 20:22:18,,2022-11-01 18:39:04,2022-09-22 23:00:21,,2022-09-21 20:22:18,2022-10-26 13:31:44,,2022-10-16 23:29:52
2022-09-21 23:14:17,,2022-11-01 23:56:15,2022-09-23 11:26:56,,2022-09-21 23:14:17,2022-10-26 16:29:43,,2022-10-17 01:19:19
2022-09-21 23:44:34,,2022-11-02 09:02:06,2022-09-23 14:25:37,,2022-09-21 23:44:34,2022-10-27 20:33:51,,2022-10-17 02:00:24
2022-09-22 00:01:35,,2022-11-02 12:51:27,2022-09-23 14:28:39,,2022-09-22 00:01:35,2022-10-27 20:34:15,,2022-10-17 14:32:48
2022-09-22 15:14:06,,2022-11-02 16:01:03,2022-09-23 22:36:13,,2022-09-22 15:14:06,2022-10-28 13:04:08,,2022-10-17 22:08:42
2022-09-22 19:32:34,,2022-11-02 17:58:15,2022-09-24 00:25:14,,2022-09-22 19:32:34,2022-10-28 13:08:24,,2022-10-18 01:00:15
2022-09-22 21:16:37,,2022-11-02 20:11:34,2022-09-24 12:18:55,,2022-09-22 21:16:37,2022-10-28 18:45:39,,2022-10-18 08:49:53
2022-09-23 14:36:15,,2022-11-03 08:06:24,2022-09-24 13:46:32,,2022-09-23 14:36:15,2022-10-28 22:16:03,,2022-10-18 14:14:32
2022-09-23 18:05:05,,2022-11-03 12:56:35,2022-09-24 23:18:01,,2022-09-23 18:05:05,2022-10-29 14:15:55,,2022-10-18 22:25:14
2022-09-23 21:28:03,,2022-11-03 14:04:51,2022-09-25 00:24:07,,2022-09-23 21:28:03,2022-10-29 21:14:27,,2022-10-19 01:22:43
2022-09-23 23:35:13,,2022-11-03 14:39:25,2022-09-25 11:50:45,,2022-09-23 23:35:13,2022-10-29 21:32:23,,2022-10-19 10:03:30
2022-09-24 01:39:54,,2022-11-03 18:11:10,2022-09-25 11:53:08,,2022-09-24 01:39:54,2022-10-29 23:34:11,,2022-10-19 13:00:44
2022-09-24 11:14:53,,2022-11-03 22:55:57,2022-09-25 14:06:47,,2022-09-24 11:14:53,2022-10-30 02:34:11,,2022-10-19 17:14:06
2022-09-24 19:50:23,,2022-11-04 00:13:14,2022-09-25 18:13:07,,2022-09-24 19:50:23,2022-10-30 12:33:02,,2022-10-19 19:55:23
2022-09-24 22:17:20,,2022-11-04 07:30:56,2022-09-25 22:47:30,,2022-09-24 22:17:20,2022-10-30 17:51:44,,2022-10-19 23:29:09
2022-09-25 01:10:56,,2022-11-04 14:08:40,2022-09-26 00:03:46,,2022-09-25 01:10:56,2022-10-30 20:09:30,,2022-10-20 17:56:41
2022-09-25 02:19:22,,2022-11-04 16:59:10,2022-09-26 05:06:16,,2022-09-25 02:19:22,2022-10-30 20:11:55,,2022-10-20 21:43:45
2022-09-25 16:08:46,,2022-11-04 19:00:27,2022-09-26 09:50:41,,2022-09-25 16:08:46,2022-10-31 02:18:25,,2022-10-21 09:19:31
2022-09-26 01:42:19,,2022-11-04 19:42:30,2022-09-26 11:03:42,,2022-09-26 01:42:19,2022-10-31 02:36:53,,2022-10-21 19:11:23
2022-09-26 13:40:45,,2022-11-04 22:19:50,2022-09-26 11:16:55,,2022-09-26 13:40:45,2022-10-31 11:43:38,,2022-10-21 22:26:44
2022-09-26 18:30:52,,2022-11-05 09:05:34,2022-09-26 17:39:19,,2022-09-26 18:30:52,2022-10-31 12:07:19,,2022-10-22 10:51:53
2022-09-27 02:49:08,,2022-11-05 14:40:46,2022-09-26 18:11:40,,2022-09-27 02:49:08,2022-11-01 07:31:34,,2022-10-22 14:30:36
2022-09-27 12:19:38,,2022-11-05 15:21:39,2022-09-26 21:27:06,,2022-09-27 12:19:38,2022-11-01 07:43:08,,2022-10-22 17:26:08
2022-09-27 19:49:32,,2022-11-05 18:28:39,2022-09-27 01:04:31,,2022-09-27 19:49:32,2022-11-01 13:46:25,,2022-10-22 18:51:14
2022-09-27 23:33:39,,,2022-09-27 12:52:44,,2022-09-27 23:33:39,2022-11-01 17:54:42,,2022-10-23 00:05:55
2022-09-28 13:13:59,,,2022-09-27 13:58:27,,2022-09-28 13:13:59,2022-11-02 13:08:39,,2022-10-23 23:44:39
2022-09-28 15:29:27,,,2022-09-27 14:08:52,,2022-09-28 15:29:27,2022-11-03 14:10:50,,2022-10-24 12:00:36
2022-09-28 19:05:23,,,2022-09-27 14:34:42,,2022-09-28 19:05:23,2022-11-03 21:15:03,,2022-10-24 16:46:40
2022-09-28 22:25:07,,,2022-09-27 18:31:01,,2022-09-28 22:25:07,2022-11-04 11:42:36,,2022-10-24 18:47:41
2022-09-29 14:42:23,,,2022-09-28 12:59:22,,2022-09-29 14:42:23,2022-11-04 13:34:15,,2022-10-24 20:02:43
2022-09-29 19:59:02,,,2022-09-28 13:48:33,,2022-09-29 19:59:02,2022-11-05 04:21:00,,2022-10-25 00:01:30
2022-09-29 21:53:17,,,2022-09-29 01:53:29,,2022-09-29 21:53:17,2022-11-05 19:38:07,,2022-10-25 10:35:59
2022-09-30 12:51:48,,,2022-09-29 08:36:07,,2022-09-30 12:51:48,2022-11-05 21:54:24,,2022-10-25 17:49:25
2022-09-30 14:06:33,,,2022-09-29 19:04:15,,2022-09-30 14:06:33,,,2022-10-26 01:56:23
2022-09-30 20:27:34,,,2022-09-29 20:25:15,,2022-09-30 20:27:34,,,2022-10-26 09:57:40
2022-10-01 14:11:17,,,2022-09-29 22:28:21,,2022-10-01 14:11:17,,,2022-10-26 14:14:54
2022-10-01 18:07:32,,,2022-09-30 00:57:57,,2022-10-01 18:07:32,,,2022-10-26 19:42:01
2022-10-01 21:32:54,,,2022-09-30 09:11:04,,2022-10-01 21:32:54,,,2022-10-26 22:13:50
2022-10-02 03:20:09,,,2022-09-30 09:19:59,,2022-10-02 03:20:09,,,2022-10-27 09:43:18
2022-10-02 11:11:15,,,2022-09-30 10:49:47,,2022-10-02 11:11:15,,,2022-10-27 14:00:17
2022-10-02 14:12:25,,,2022-09-30 11:55:51,,2022-10-02 14:12:25,,,2022-10-27 16:54:04
2022-10-02 18:07:51,,,2022-09-30 12:10:22,,2022-10-02 18:07:51,,,2022-10-27 22:08:10
2022-10-02 19:08:21,,,2022-09-30 12:20:48,,2022-10-02 19:08:21,,,2022-10-27 22:42:39
2022-10-03 05:10:11,,,2022-09-30 19:42:01,,2022-10-03 05:10:11,,,2022-10-28 10:57:20
2022-10-03 07:08:24,,,2022-09-30 21:47:23,,2022-10-03 07:08:24,,,2022-10-28 14:09:36
2022-10-03 18:23:13,,,2022-10-01 04:30:56,,2022-10-03 18:23:13,,,2022-10-28 19:14:35
2022-10-03 21:16:09,,,2022-10-01 10:49:44,,2022-10-03 21:16:09,,,2022-10-28 22:37:37
2022-10-03 23:13:53,,,2022-10-01 12:06:48,,2022-10-03 23:13:53,,,2022-10-29 12:14:10
2022-10-04 03:02:34,,,2022-10-01 13:03:37,,2022-10-04 03:02:34,,,2022-10-29 14:18:46
2022-10-04 16:55:19,,,2022-10-01 16:00:30,,2022-10-04 16:55:19,,,2022-10-29 17:43:45
2022-10-04 23:28:24,,,2022-10-01 17:50:24,,2022-10-04 23:28:24,,,2022-10-29 21:38:48
2022-10-05 22:34:52,,,2022-10-02 12:51:25,,2022-10-05 22:34:52,,,2022-10-29 21:53:44
2022-10-06 01:34:14,,,2022-10-02 14:12:54,,2022-10-06 01:34:14,,,2022-10-30 12:45:36
2022-10-06 03:31:30,,,2022-10-02 16:15:11,,2022-10-06 03:31:30,,,2022-10-30 18:00:56
2022-10-06 06:47:24,,,2022-10-02 19:36:30,,2022-10-06 06:47:24,,,2022-10-30 22:34:51
2022-10-06 09:45:12,,,2022-10-02 21:37:43,,2022-10-06 09:45:12,,,2022-10-31 11:29:29
2022-10-06 11:56:42,,,2022-10-02 23:24:51,,2022-10-06 11:56:42,,,2022-10-31 14:59:28
2022-10-06 17:55:50,,,2022-10-03 01:10:16,,2022-10-06 17:55:50,,,2022-10-31 22:46:49
2022-10-06 18:20:17,,,2022-10-03 10:08:26,,2022-10-06 18:20:17,,,2022-11-01 10:00:08
2022-10-06 22:43:58,,,2022-10-03 17:00:29,,2022-10-06 22:43:58,,,2022-11-01 13:16:58
2022-10-07 02:06:33,,,2022-10-03 18:25:40,,2022-10-07 02:06:33,,,2022-11-01 14:20:42
2022-10-07 11:42:08,,,2022-10-03 20:32:40,,2022-10-07 11:42:08,,,2022-11-01 17:24:20
2022-10-07 13:14:44,,,2022-10-03 20:35:11,,2022-10-07 13:14:44,,,2022-11-02 09:47:39
2022-10-07 19:09:36,,,2022-10-03 21:24:43,,2022-10-07 19:09:36,,,2022-11-02 10:56:15
2022-10-07 23:57:02,,,2022-10-03 23:56:58,,2022-10-07 23:57:02,,,2022-11-02 14:23:58
2022-10-08 07:09:35,,,2022-10-04 01:23:23,,2022-10-08 07:09:35,,,2022-11-02 18:06:17
2022-10-08 13:32:56,,,2022-10-04 10:44:33,,2022-10-08 13:32:56,,,2022-11-02 22:39:36
2022-10-08 14:53:01,,,2022-10-04 10:51:52,,2022-10-08 14:53:01,,,2022-11-03 11:26:34
2022-10-09 04:01:33,,,2022-10-04 15:49:54,,2022-10-09 04:01:33,,,2022-11-03 13:18:41
2022-10-09 07:54:54,,,2022-10-04 20:14:42,,2022-10-09 07:54:54,,,2022-11-03 16:50:58
2022-10-09 09:03:34,,,2022-10-04 21:22:22,,2022-10-09 09:03:34,,,2022-11-03 20:25:03
2022-10-09 19:59:13,,,2022-10-04 22:36:24,,2022-10-09 19:59:13,,,2022-11-03 22:48:20
2022-10-09 21:40:18,,,2022-10-05 13:52:07,,2022-10-09 21:40:18,,,2022-11-04 01:11:34
2022-10-10 03:35:48,,,2022-10-05 19:27:19,,2022-10-10 03:35:48,,,2022-11-04 10:26:09
2022-10-10 06:19:27,,,2022-10-06 00:13:31,,2022-10-10 06:19:27,,,2022-11-04 20:41:42
2022-10-10 13:09:09,,,2022-10-06 13:36:07,,2022-10-10 13:09:09,,,2022-11-05 00:21:06
2022-10-10 20:32:09,,,2022-10-06 17:53:29,,2022-10-10 20:32:09,,,2022-11-05 20:55:37
2022-10-11 03:01:55,,,2022-10-06 20:42:42,,2022-10-11 03:01:55,,,
2022-10-11 06:16:26,,,2022-10-06 21:49:27,,2022-10-11 06:16:26,,,
2022-10-11 16:55:17,,,2022-10-07 13:50:55,,2022-10-11 16:55:17,,,
2022-10-12 03:54:53,,,2022-10-07 17:30:01,,2022-10-12 03:54:53,,,
2022-10-12 14:11:06,,,2022-10-07 23:59:41,,2022-10-12 14:11:06,,,
2022-10-12 22:18:03,,,2022-10-08 06:15:46,,2022-10-12 22:18:03,,,
2022-10-12 22:52:49,,,2022-10-08 06:41:55,,2022-10-12 22:52:49,,,
2022-10-13 00:21:18,,,2022-10-08 13:26:36,,2022-10-13 00:21:18,,,
2022-10-13 05:10:24,,,2022-10-08 14:20:55,,2022-10-13 05:10:24,,,
2022-10-13 11:46:22,,,2022-10-08 18:46:00,,2022-10-13 11:46:22,,,
2022-10-13 14:11:57,,,2022-10-08 23:43:31,,2022-10-13 14:11:57,,,
2022-10-13 14:32:20,,,2022-10-09 00:09:05,,2022-10-13 14:32:20,,,
2022-10-13 17:44:17,,,2022-10-09 10:10:26,,2022-10-13 17:44:17,,,
2022-10-14 04:14:27,,,2022-10-09 12:20:25,,2022-10-14 04:14:27,,,
2022-10-14 14:20:31,,,2022-10-09 13:19:47,,2022-10-14 14:20:31,,,
2022-10-14 17:31:33,,,2022-10-09 20:54:17,,2022-10-14 17:31:33,,,
2022-10-15 02:40:01,,,2022-10-10 13:39:54,,2022-10-15 02:40:01,,,
2022-10-15 21:46:22,,,2022-10-10 15:03:00,,2022-10-15 21:46:22,,,
2022-10-16 04:03:28,,,2022-10-10 16:10:22,,2022-10-16 04:03:28,,,
2022-10-16 14:27:27,,,2022-10-10 17:51:22,,2022-10-16 14:27:27,,,
2022-10-16 20:20:58,,,2022-10-10 19:45:21,,2022-10-16 20:20:58,,,
2022-10-17 08:29:41,,,2022-10-10 23:00:36,,2022-10-17 08:29:41,,,
2022-10-17 11:53:24,,,2022-10-10 23:03:02,,2022-10-17 11:53:24,,,
2022-10-17 16:53:21,,,2022-10-11 05:41:26,,2022-10-17 16:53:21,,,
2022-10-17 19:09:56,,,2022-10-11 05:57:17,,2022-10-17 19:09:56,,,
2022-10-18 00:07:35,,,2022-10-11 09:17:00,,2022-10-18 00:07:35,,,
2022-10-18 20:18:38,,,2022-10-11 09:59:46,,2022-10-18 20:18:38,,,
2022-10-18 21:50:51,,,2022-10-11 21:03:16,,2022-10-18 21:50:51,,,
2022-10-18 23:28:02,,,2022-10-12 00:15:54,,2022-10-18 23:28:02,,,
2022-10-19 11:48:49,,,2022-10-12 11:25:12,,2022-10-19 11:48:49,,,
2022-10-19 15:48:44,,,2022-10-12 15:36:36,,2022-10-19 15:48:44,,,
2022-10-19 21:49:38,,,2022-10-12 17:46:03,,2022-10-19 21:49:38,,,
2022-10-19 23:43:54,,,2022-10-12 22:43:14,,2022-10-19 23:43:54,,,
2022-10-20 01:23:36,,,2022-10-13 08:28:06,,2022-10-20 01:23:36,,,
2022-10-20 14:28:27,,,2022-10-13 12:55:24,,2022-10-20 14:28:27,,,
2022-10-20 18:15:22,,,2022-10-13 20:57:08,,2022-10-20 18:15:22,,,
2022-10-20 22:19:23,,,2022-10-13 22:56:55,,2022-10-20 22:19:23,,,
2022-10-21 00:09:37,,,2022-10-14 01:35:48,,2022-10-21 00:09:37,,,
2022-10-21 14:54:51,,,2022-10-14 10:04:48,,2022-10-21 14:54:51,,,
2022-10-21 16:11:34,,,2022-10-14 13:03:27,,2022-10-21 16:11:34,,,
2022-10-21 19:21:24,,,2022-10-14 17:35:47,,2022-10-21 19:21:24,,,
2022-10-22 00:07:52,,,2022-10-14 19:48:28,,2022-10-22 00:07:52,,,
2022-10-22 00:45:18,,,2022-10-14 21:49:39,,2022-10-22 00:45:18,,,
2022-10-22 11:52:05,,,2022-10-14 22:50:43,,2022-10-22 11:52:05,,,
2022-10-22 12:40:02,,,2022-10-15 05:52:16,,2022-10-22 12:40:02,,,
2022-10-22 14:55:57,,,2022-10-15 09:07:30,,2022-10-22 14:55:57,,,
2022-10-22 21:41:02,,,2022-10-15 10:31:49,,2022-10-22 21:41:02,,,
2022-10-22 22:17:40,,,2022-10-15 12:07:55,,2022-10-22 22:17:40,,,
2022-10-22 23:32:40,,,2022-10-15 12:08:00,,2022-10-22 23:32:40,,,
2022-10-23 00:33:58,,,2022-10-15 20:44:11,,2022-10-23 00:33:58,,,
2022-10-23 02:00:37,,,2022-10-15 22:40:50,,2022-10-23 02:00:37,,,
2022-10-23 09:58:37,,,2022-10-16 14:56:03,,2022-10-23 09:58:37,,,
2022-10-23 14:05:13,,,2022-10-16 14:57:09,,2022-10-23 14:05:13,,,
2022-10-23 23:10:28,,,2022-10-17 20:46:34,,2022-10-23 23:10:28,,,
2022-10-24 14:31:41,,,2022-10-18 00:44:09,,2022-10-24 14:31:41,,,
2022-10-24 16:59:42,,,2022-10-18 22:38:52,,2022-10-24 16:59:42,,,
2022-10-24 19:13:05,,,2022-10-19 00:23:54,,2022-10-24 19:13:05,,,
2022-10-24 22:33:50,,,2022-10-19 00:27:43,,2022-10-24 22:33:50,,,
2022-10-25 01:54:09,,,2022-10-19 18:22:39,,2022-10-25 01:54:09,,,
2022-10-25 16:50:34,,,2022-10-19 20:41:28,,2022-10-25 16:50:34,,,
2022-10-25 18:12:15,,,2022-10-19 22:08:22,,2022-10-25 18:12:15,,,
2022-10-25 22:12:25,,,2022-10-20 10:50:02,,2022-10-25 22:12:25,,,
2022-10-25 22:19:30,,,2022-10-20 15:32:40,,2022-10-25 22:19:30,,,
2022-10-26 02:56:23,,,2022-10-20 19:23:10,,2022-10-26 02:56:23,,,
2022-10-26 14:27:48,,,2022-10-20 21:00:48,,2022-10-26 14:27:48,,,
2022-10-26 14:45:15,,,2022-10-20 22:36:14,,2022-10-26 14:45:15,,,
2022-10-26 21:54:45,,,2022-10-21 01:42:39,,2022-10-26 21:54:45,,,
2022-10-27 01:29:29,,,2022-10-21 12:17:26,,2022-10-27 01:29:29,,,
2022-10-27 18:19:34,,,2022-10-21 13:14:49,,2022-10-27 18:19:34,,,
2022-10-27 22:15:39,,,2022-10-21 15:40:03,,2022-10-27 22:15:39,,,
2022-10-28 13:49:10,,,2022-10-21 16:15:46,,2022-10-28 13:49:10,,,
2022-10-28 17:14:11,,,2022-10-21 18:43:00,,2022-10-28 17:14:11,,,
2022-10-28 18:25:16,,,2022-10-21 20:19:29,,2022-10-28 18:25:16,,,
2022-10-28 20:27:12,,,2022-10-21 20:41:21,,2022-10-28 20:27:12,,,
2022-10-28 21:38:02,,,2022-10-21 21:47:42,,2022-10-28 21:38:02,,,
2022-10-29 01:08:09,,,2022-10-22 12:12:24,,2022-10-29 01:08:09,,,
2022-10-29 01:33:51,,,2022-10-22 20:24:22,,2022-10-29 01:33:51,,,
2022-10-29 02:40:03,,,2022-10-22 20:57:04,,2022-10-29 02:40:03,,,
2022-10-29 22:28:51,,,2022-10-23 02:25:35,,2022-10-29 22:28:51,,,
2022-10-30 02:35:35,,,2022-10-23 08:05:51,,2022-10-30 02:35:35,,,
2022-10-30 18:28:03,,,2022-10-23 12:42:13,,2022-10-30 18:28:03,,,
2022-10-30 21:31:15,,,2022-10-23 19:25:29,,2022-10-30 21:31:15,,,
2022-10-31 00:02:47,,,2022-10-23 23:55:46,,2022-10-31 00:02:47,,,
2022-10-31 11:56:08,,,2022-10-24 11:21:16,,2022-10-31 11:56:08,,,
2022-10-31 22:12:42,,,2022-10-24 11:54:14,,2022-10-31 22:12:42,,,
2022-11-01 10:40:46,,,2022-10-24 13:06:58,,2022-11-01 10:40:46,,,
2022-11-01 14:05:58,,,2022-10-24 16:26:07,,2022-11-01 14:05:58,,,
2022-11-01 19:29:12,,,2022-10-25 00:42:13,,2022-11-01 19:29:12,,,
2022-11-01 22:59:43,,,2022-10-25 00:43:51,,2022-11-01 22:59:43,,,
2022-11-02 11:44:36,,,2022-10-25 01:36:03,,2022-11-02 11:44:36,,,
2022-11-02 15:15:36,,,2022-10-25 09:56:27,,2022-11-02 15:15:36,,,
2022-11-02 18:59:19,,,2022-10-25 11:49:03,,2022-11-02 18:59:19,,,
2022-11-02 21:55:29,,,2022-10-25 13:30:06,,2022-11-02 21:55:29,,,
2022-11-03 19:36:08,,,2022-10-25 14:04:13,,2022-11-03 19:36:08,,,
2022-11-03 21:36:59,,,2022-10-25 15:12:57,,2022-11-03 21:36:59,,,
2022-11-04 06:45:15,,,2022-10-25 17:19:05,,2022-11-04 06:45:15,,,
2022-11-04 22:08:51,,,2022-10-25 23:39:05,,2022-11-04 22:08:51,,,
2022-11-05 10:51:49,,,2022-10-26 00:27:41,,2022-11-05 10:51:49,,,
2022-11-05 12:42:49,,,2022-10-26 21:43:39,,2022-11-05 12:42:49,,,
2022-11-05 13:47:30,,,2022-10-27 00:14:44,,2022-11-05 13:47:30,,,
2022-11-05 16:46:38,,,2022-10-27 13:17:58,,2022-11-05 16:46:38,,,
2022-11-05 18:41:14,,,2022-10-27 13:43:01,,2022-11-05 18:41:14,,,
,,,2022-10-27 17:32:52,,,,,
,,,2022-10-27 19:56:43,,,,,
,,,2022-10-27 21:42:48,,,,,
,,,2022-10-27 22:22:51,,,,,
,,,2022-10-28 16:14:16,,,,,
,,,2022-10-28 18:50:59,,,,,
,,,2022-10-28 23:43:23,,,,,
,,,2022-10-29 10:13:50,,,,,
,,,2022-10-29 13:12:44,,,,,
,,,2022-10-29 22:56:30,,,,,
,,,2022-10-30 00:03:21,,,,,
,,,2022-10-30 09:39:37,,,,,
,,,2022-10-30 10:34:18,,,,,
,,,2022-10-30 14:28:54,,,,,
,,,2022-10-30 20:20:06,,,,,
,,,2022-10-31 02:27:02,,,,,
,,,2022-10-31 14:26:21,,,,,
,,,2022-10-31 15:48:09,,,,,
,,,2022-10-31 19:25:30,,,,,
,,,2022-10-31 19:48:20,,,,,
,,,2022-10-31 20:18:48,,,,,
,,,2022-11-01 00:11:54,,,,,
,,,2022-11-01 08:19:52,,,,,
,,,2022-11-01 16:38:29,,,,,
,,,2022-11-01 18:21:25,,,,,
,,,2022-11-01 18:37:41,,,,,
,,,2022-11-01 20:04:37,,,,,
,,,2022-11-01 20:31:40,,,,,
,,,2022-11-02 00:21:00,,,,,
,,,2022-11-02 00:31:41,,,,,
,,,2022-11-02 08:44:58,,,,,
,,,2022-11-02 19:36:22,,,,,
,,,2022-11-02 20:23:28,,,,,
,,,2022-11-02 21:33:49,,,,,
,,,2022-11-03 01:24:05,,,,,
,,,2022-11-03 09:18:51,,,,,
,,,2022-11-03 16:47:51,,,,,
,,,2022-11-03 18:02:30,,,,,
,,,2022-11-03 19:36:16,,,,,
,,,2022-11-03 21:36:23,,,,,
,,,2022-11-03 22:25:50,,,,,
,,,2022-11-03 23:03:14,,,,,
,,,2022-11-04 14:07:18,,,,,
,,,2022-11-04 16:59:30,,,,,
,,,2022-11-04 17:13:06,,,,,
,,,2022-11-04 21:14:22,,,,,
,,,2022-11-04 22:10:31,,,,,
,,,2022-11-05 00:26:17,,,,,
,,,2022-11-05 10:58:14,,,,,
,,,2022-11-05 16:00:32,,,,,
,,,2022-11-05 16:16:37,,,,,
,,,2022-11-05 19:23:52,,,,,
,,,2022-11-05 21:50:03,,,,,
